Unnamed: 0,blockPlayer,totalRushPlayers,totalWinsAllowed,totalHitsAllowed,totalHurriesAllowed,totalSacksAllowed,playCount,displayName,officialPosition,HandSize,ArmLength,40Yard,BenchPress,VertLeap,BroadJump,Shuttle,3Cone,height,weight,epa,average_epa,actualSCRT,average_distance_x,average_gos,max_speed,max_accel,average_distance_y,average_distance,RPB,deltaSCRT,predictedSCRT,team
0,40151,187.5,-9,-2,-10,-1,308,Ryan Jensen,C,9.13,32.5,5.23,30.0,25.5,98.0,4.56,7.69,76,319,83.21187876300942,0.2701684375422384,0.015243506493506497,5.579135848064129,3.801216464,9.52197884,11.10597532,5.579135848064129,5.579135848064129,0.6087662337662337,0.02841117783364401,-0.013167671340137514,TB
1,42377,259.0,-12,-2,-12,-1,306,Donovan Smith,T,10.63,34.38,5.27,26.0,32.0,109.0,4.79,7.95,78,338,85.11933127897615,0.2781677492776998,0.018954248366013074,4.908106744641161,4.525591546999999,9.7199784,14.219968400000004,4.908106744641161,4.908106744641161,0.8464052287581699,0.045819551510156514,-0.026865303144143444,TB
2,42404,215.0,-8,0,-11,-1,306,Ali Marpet,G,10.0,33.38,4.98,30.0,30.5,108.0,4.47,7.33,76,307,85.11933127897615,0.2781677492776998,0.01204248366013072,5.245061201430158,3.5169707939999997,11.717973960000002,13.2299706,5.245061201430158,5.245061201430158,0.7026143790849673,0.02875056655508132,-0.0167080828949506,TB
3,46163,216.5,-11,-4,-9,-2,309,Alex Cappa,G,9.25,32.63,5.39,24.0,26.5,97.0,4.84,8.04,78,305,85.20034292423922,0.2757292651269877,0.020097087378640775,5.262648673900007,3.421064772,8.009982200000001,9.68397848,5.262648673900007,5.262648673900007,0.7006472491909385,0.04606571380634558,-0.025968626427704804,TB
4,52421,249.5,-6,-1,-6,-1,309,Tristan Wirfs,T,10.25,34.0,4.85,24.0,36.5,121.0,4.68,7.65,77,322,85.20034292423922,0.2757292651269877,0.009708737864077669,5.0243467364850165,4.5102503480000005,11.84397368,10.9799756,5.0243467364850165,5.0243467364850165,0.8074433656957929,0.033762662278294775,-0.02405392441421711,TB
5,37082,181.0,-5,-1,-4,-1,223,Tyron Smith,T,11.0,36.38,5.08,29.0,29.0,109.0,4.68,7.47,77,320,62.06745539087378,0.2783293963716313,0.011233183856502241,5.510841349719273,4.318479347,9.75597832,9.55797876,5.510841349719273,5.510841349719273,0.8116591928251121,0.03211280086532467,-0.020879617008822425,DAL
7,46119,178.0,-9,0,-8,-1,261,Connor Williams,G,10.5,33.0,5.05,26.0,34.0,112.0,4.63,7.83,77,298,67.15938155621065,0.25731563814640096,0.014195402298850576,5.555599369534243,3.536897735,10.00797776,10.655976320000002,5.555599369534243,5.555599369534243,0.6819923371647509,0.03612720675474888,-0.02193180445589831,DAL
18,41232,244.5,-13,-2,-7,-1,289,Jake Matthews,T,9.88,33.38,5.07,24.0,30.5,104.0,4.47,7.34,77,309,24.501177703175788,0.0847791616026844,0.019480968858131487,5.376677948558114,4.886701209,9.10797976,13.517969960000002,5.376677948558114,5.376677948558114,0.8460207612456747,0.04359637498447025,-0.024115406126338765,ATL
19,47814,210.5,-12,-4,-11,-2,251,Kaleb McGary,T,10.25,32.875,5.05,23.0,33.5,111.0,4.58,7.66,78,306,11.635844701433728,0.046357947017664256,0.02671314741035857,5.279812733543703,4.937502718999999,10.619976400000002,12.095973120000002,5.279812733543703,5.279812733543703,0.8386454183266933,0.05516102260641774,-0.028447875196059166,ATL
21,53497,180.5,-11,-12,-12,-5,286,Jalen Mayfield,G,9.75,32.625,5.39,0.0,28.5,96.0,4.91,7.86,77,320,24.198664957686415,0.0846107166352672,0.035996503496503504,4.967610116754583,3.982793646,9.43197904,11.48397448,4.967610116754583,4.967610116754583,0.6311188811188811,0.06060335059647222,-0.024606847099968715,ATL
22,47797,192.5,-7,-2,-8,0,289,Chris Lindstrom,G,9.5,34.13,4.91,25.0,30.5,117.0,4.54,7.61,76,307,24.501177703175788,0.0847791616026844,0.01278546712802768,5.399179837859484,4.079140444,10.11597752,8.657980760000001,5.399179837859484,5.399179837859484,0.6660899653979239,0.030571294361918726,-0.017785827233891046,ATL
23,52486,170.5,-17,0,-12,-1,289,Matt Hennessy,C,10.0,32.25,5.18,23.0,30.0,110.0,4.6,7.45,76,290,24.501177703175788,0.0847791616026844,0.022577854671280283,5.1207836247541385,4.495856338,9.9899778,14.56196764,5.1207836247541385,5.1207836247541385,0.5899653979238755,0.040099096246493576,-0.017521241575213294,ATL
26,37266,145.0,-4,0,-11,-1,255,Jason Kelce,C,9.5,32.5,4.89,0.0,30.5,110.0,4.14,7.22,75,295,27.390347705976907,0.10741312825873296,0.009666666666666664,5.657832050617998,4.3436882830000005,10.781976040000002,8.99998,5.657832050617998,5.657832050617998,0.5686274509803921,0.025881513401843026,-0.016214846735176362,PHI
28,39950,116.0,-5,-1,-10,0,132,Lane Johnson,T,10.13,35.28,4.72,28.0,34.0,118.0,4.52,7.31,78,317,24.103474565766014,0.18260208004368195,0.021780303030303032,4.810155055897108,4.750712583,8.765980520000001,9.341979240000002,4.810155055897108,4.810155055897108,0.8787878787878788,0.048327919619270826,-0.026547616588967794,PHI
29,43368,53.0,-2,0,-2,0,81,Isaac Seumalo,G,9.88,33.0,5.19,19.0,26.0,105.0,4.52,7.4,76,303,5.361530653521187,0.06619173646322453,0.009876543209876543,5.214303769449576,3.7022644999999996,9.3599792,9.66597852,5.214303769449576,5.214303769449576,0.654320987654321,0.02822598628660336,-0.01834944307672682,PHI
33,46302,150.0,-5,-1,-10,-2,171,Jordan Mailata,T,0.0,0.0,5.12,22.0,0.0,0.0,0.0,6.76,80,344,32.73355088772713,0.1914242741972347,0.019152046783625733,5.0557434029606565,5.010865488,10.763976080000004,11.03397548,5.0557434029606565,5.0557434029606565,0.8771929824561403,0.0426326777766829,-0.023480630993057167,PHI
37,42392,142.5,-4,0,-9,-1,251,Mitch Morse,C,9.25,32.25,5.14,36.0,31.0,112.0,4.5,7.6,78,305,58.17790034927458,0.23178446354292664,0.00906374501992032,5.7245236727656845,3.7274835019999997,9.77397828,10.799976,5.7245236727656845,5.7245236727656845,0.5677290836653387,0.02376218696595363,-0.01469844194603331,BUF
38,42445,207.5,-9,-6,-11,-1,251,Daryl Williams,T,9.75,35.0,5.34,27.0,26.0,97.0,5.15,8.18,78,330,58.17790034927458,0.23178446354292664,0.02545816733067729,5.677325802804295,3.915517038,9.79197824,8.11798196,5.677325802804295,5.677325802804295,0.8266932270916335,0.05168290535729202,-0.026224738026614725,BUF
40,44875,227.0,-8,-3,-10,-1,252,Dion Dawkins,T,9.88,35.0,5.11,26.0,26.0,106.0,4.78,7.3,77,320,59.46027497273903,0.23595347211404374,0.01900793650793651,5.618578879842854,4.644480588,9.66597852,8.837980360000003,5.618578879842854,5.618578879842854,0.9007936507936508,0.04225851926692763,-0.023250582758991115,BUF
41,47821,87.0,-5,-3,-14,-1,123,Cody Ford,G,9.75,34.0,5.21,19.0,28.5,104.0,4.87,8.27,75,329,17.76292377312012,0.14441401441561075,0.03459349593495935,5.823433682469672,3.3367660569999997,10.313977080000004,7.775982720000003,5.823433682469672,5.823433682469672,0.7073170731707317,0.05346772529459714,-0.01887422935963779,BUF
42,41321,152.5,-8,0,-7,-1,231,Trai Turner,G,9.5,34.0,4.93,25.0,27.5,102.0,4.77,8.16,75,315,8.877270384624444,0.03842974192478114,0.014307359307359309,4.870837832624884,3.6771855039999997,8.387981360000001,7.901982440000001,4.870837832624884,4.870837832624884,0.6601731601731602,0.034144086730983944,-0.019836727423624634,PIT
43,46161,138.0,-10,-3,-4,0,173,Chukwuma Okorafor,T,10.25,34.5,5.31,19.0,23.5,102.0,4.8,7.87,78,320,13.91099086916692,0.08041035184489549,0.026763005780346818,5.041549659615127,4.814061712,8.945980120000002,8.06398208,5.041549659615127,5.041549659615127,0.7976878612716763,0.05481001274435454,-0.028047006964007727,PIT
47,53557,206.0,-25,-6,-15,-3,230,Dan Moore,T,10.25,34.5,5.21,28.0,30.5,110.0,4.73,7.56,77,315,12.080467345199207,0.05252377106608349,0.05239130434782609,4.267544240974344,5.126933823,9.43197904,8.369981400000002,4.267544240974344,4.267544240974344,0.8956521739130435,0.08123166033999901,-0.028840355992172922,PIT
52,53522,86.0,-10,-1,-7,0,100,Spencer Brown,T,10.375,34.75,4.94,29.0,31.5,117.0,4.4,6.96,81,321,34.16463885926395,0.3416463885926395,0.04115,6.036587284200495,4.4349075,12.959971200000002,12.27597272,6.036587284200495,6.036587284200495,0.86,0.06566539933594476,-0.024515399335944765,BUF
55,43433,155.0,-10,0,-9,-1,271,Connor McGovern,C,10.38,32.88,5.11,33.0,33.0,109.0,4.65,7.5,76,306,-18.88874773871654,-0.06970017615762561,0.015147601476014762,5.810041799351075,4.611105611,12.56397208,10.511976640000002,5.810041799351075,5.810041799351075,0.5719557195571956,0.026212836474147048,-0.011065234998132285,NYJ
58,53443,178.0,-7,-3,-16,-1,271,Alijah Vera-Tucker,G,9.625,32.125,5.13,32.0,32.0,106.0,4.63,7.7,76,310,-18.88874773871654,-0.06970017615762561,0.018653136531365317,5.9269375446969095,3.966942654,9.73797836,8.441981240000002,5.9269375446969095,5.9269375446969095,0.6568265682656826,0.03331142651086139,-0.014658289979496076,NYJ
59,41436,174.0,-4,-2,-12,-3,294,Matt Paradis,C,9.88,32.375,5.34,23.0,26.0,102.0,4.46,7.6,75,300,-8.405300201370359,-0.02858945646724612,0.012789115646258505,5.440483918827368,4.216757791,8.6399808,9.953977880000002,5.440483918827368,5.440483918827368,0.5918367346938775,0.02740642699252134,-0.014617311346262835,CAR
60,42362,183.5,-14,-4,-16,-1,216,Cameron Erving,T,10.38,34.13,5.15,30.0,30.5,112.0,4.63,7.48,77,313,29.950369669263893,0.1386591188391847,0.035138888888888886,4.997065810275734,4.5069028630000005,9.1799796,9.7199784,4.997065810275734,4.997065810275734,0.8495370370370371,0.059590815763002285,-0.0244519268741134,CAR
61,44876,247.5,-16,-2,-16,0,294,Taylor Moton,T,10.63,34.13,5.18,23.0,30.5,109.0,4.58,7.73,77,325,-8.405300201370359,-0.02858945646724612,0.024489795918367342,4.835695551730869,4.760193503,9.64797856,13.211970640000002,4.835695551730869,4.835695551730869,0.8418367346938775,0.05062084085717195,-0.02613104493880461,CAR
63,47995,117.0,-11,-3,-5,-2,176,Dennis Daley,G,9.5,33.38,5.23,20.0,26.5,103.0,4.92,7.95,78,324,-0.8203408505264971,-0.004661027559809642,0.030852272727272725,5.144081707115466,3.505506156,10.619976400000002,11.28597492,5.144081707115466,5.144081707115466,0.6647727272727273,0.05371714340268886,-0.022864870675416142,CAR
74,41295,205.5,-11,-5,-15,-2,244,Morgan Moses,T,9.88,35.38,5.35,0.0,21.5,104.0,4.95,7.93,78,330,-12.49405240190251,-0.05120513279468242,0.02942622950819672,5.664656092542046,5.1030982069999995,11.03397548,9.39597912,5.664656092542046,5.664656092542046,0.8422131147540983,0.06027871838471159,-0.03085248887651487,NYJ
77,47801,140.5,-6,-7,-11,-2,254,Garrett Bradbury,C,10.5,31.75,4.92,34.0,31.0,104.0,4.53,7.41,75,305,47.39419064777106,0.1865913017628782,0.02391732283464567,5.1461281390496625,4.1108694130000005,8.62198084,9.52197884,5.1461281390496625,5.1461281390496625,0.5531496062992126,0.03389440982203355,-0.009977086987387881,MIN
78,47976,174.0,-11,-3,-17,0,254,Olisaemeka Udoh,T,10.0,35.375,5.05,26.0,28.5,105.0,5.05,7.88,77,323,47.39419064777106,0.1865913017628782,0.02429133858267717,5.109906968246637,3.571210174,9.86397808,9.6299786,5.109906968246637,5.109906968246637,0.6850393700787402,0.0447051992411764,-0.020413860658499233,MIN
79,52466,157.5,-13,-3,-15,-2,254,Ezra Cleveland,G,9.0,33.38,4.93,30.0,30.0,111.0,4.46,7.26,78,310,47.39419064777106,0.1865913017628782,0.027519685039370082,5.358096320612616,3.2474954780000003,10.475976720000002,12.54597212,5.358096320612616,5.358096320612616,0.6200787401574803,0.043575908548647777,-0.016056223509277698,MIN
80,38553,217.5,-20,-1,-10,-4,257,Riley Reiff,T,10.13,33.25,5.16,23.0,26.5,98.0,4.75,7.87,78,305,66.35089965981778,0.25817470684754,0.032101167315175094,5.2077745442412136,4.536424578,10.04397768,11.0699754,5.2077745442412136,5.2077745442412136,0.8463035019455253,0.06247805957515015,-0.030376892259975058,CIN
83,43045,169.0,-12,0,-6,-1,258,Quinton Spain,G,9.75,35.0,5.36,28.0,29.0,103.0,4.75,7.88,76,330,65.49632538228643,0.253861726287932,0.01717054263565892,4.99152799567022,3.481164885,8.873980280000003,11.84397368,4.99152799567022,4.99152799567022,0.6550387596899225,0.033853278721283915,-0.016682736085624997,CIN
84,47794,219.5,-17,-4,-9,-3,258,Jonah Williams,T,10.13,33.625,5.09,23.0,28.0,100.0,4.79,8.01,76,305,65.49632538228643,0.253861726287932,0.03193798449612403,4.717309835143844,4.931922185,10.763976080000004,9.305979320000002,4.717309835143844,4.717309835143844,0.8507751937984496,0.06137078568471903,-0.029432801188594995,CIN
94,43453,202.0,-13,-5,-17,0,326,Halapoulivaati Vaitai,G,10.63,34.25,5.26,23.0,29.0,113.0,5.0,8.26,78,320,-34.62128809419007,-0.10620027022757687,0.023251533742331288,4.9111324881082785,3.96619147,9.161979640000002,15.497965560000004,4.9111324881082785,4.9111324881082785,0.6196319018404908,0.047049751738787685,-0.0237982179964564,DET
95,46089,78.0,-2,-1,-3,0,136,Frank Ragnow,C,9.38,33.13,4.99,26.0,33.5,115.0,4.51,8.04,77,311,5.501743179522278,0.04045399396707558,0.009522058823529413,5.7208090875261295,4.303535213,9.10797976,11.969973400000002,5.7208090875261295,5.7208090875261295,0.5735294117647058,0.026814223722607583,-0.01729216489907817,DET
97,48455,276.0,-33,-4,-30,-3,328,Matt Nelson,T,9.38,34.875,5.15,15.0,30.5,111.0,4.61,7.45,79,299,-35.207362610483656,-0.10733952015391357,0.04608231707317072,4.907470853455092,5.111528731,9.57597872,13.08597092,4.907470853455092,4.907470853455092,0.8414634146341463,0.07865109963119749,-0.03256878255802677,DET
98,52483,229.0,-15,-7,-18,-2,328,Jonah Jackson,G,10.5,33.5,5.23,28.0,26.0,98.0,5.02,7.83,76,305,-35.207362610483656,-0.10733952015391357,0.028917682926829263,5.157111896543209,3.6363908460000003,8.981980040000002,11.303974880000002,5.157111896543209,5.157111896543209,0.698170731707317,0.04954847934064273,-0.02063079641381347,DET
99,53436,290.0,-17,-6,-18,-4,326,Penei Sewell,T,10.375,33.25,5.1,30.0,28.0,109.0,4.68,7.76,78,325,-34.62128809419007,-0.10620027022757687,0.03096625766871165,4.81086340491113,4.708114538,10.85397588,11.4299746,4.81086340491113,4.81086340491113,0.8895705521472392,0.059276099672291485,-0.02830984200357984,DET
100,34472,124.5,-4,-1,-1,-1,218,Alex Mack,C,10.75,33.0,5.17,20.0,28.5,106.0,4.75,7.31,76,311,44.3295121043359,0.203346385799706,0.00878440366972477,5.4899263383778445,4.513434272,10.349977,7.2179839600000015,5.4899263383778445,5.4899263383778445,0.5711009174311926,0.021608548679986003,-0.012824145010261235,SF
101,35443,144.5,-6,-3,-5,0,175,Trent Williams,T,9.75,34.25,4.81,23.0,34.5,113.0,4.63,7.64,77,320,50.67630624681017,0.28957889283891525,0.02002857142857143,5.097922318950436,4.812872497,8.729980600000001,16.901962440000002,5.097922318950436,5.097922318950436,0.8257142857142857,0.04491464527769503,-0.0248860738491236,SF
102,42371,148.5,-8,-1,-5,0,219,Laken Tomlinson,G,10.13,33.63,5.33,25.0,31.5,103.0,4.87,8.17,75,312,43.77259907342,0.19987488161379,0.015136986301369863,5.278234718083949,3.920095367,9.46797896,14.90396688,5.278234718083949,5.278234718083949,0.678082191780822,0.03487565113233218,-0.019738664830962316,SF
103,45069,147.0,-9,-3,-12,0,219,Daniel Brunskill,G,9.88,33.88,5.2,17.0,28.0,106.0,4.84,7.9,77,260,43.77259907342,0.19987488161379,0.023219178082191785,5.479551122362653,3.9076697360000003,8.747980560000002,10.8899758,5.479551122362653,5.479551122362653,0.6712328767123288,0.05221362886228881,-0.028994450780097023,SF
112,37213,82.5,-2,0,-4,-1,106,Marcus Cannon,T,9.13,34.0,5.26,33.0,30.5,105.0,4.97,8.07,78,335,3.3988992603654262,0.03206508736193798,0.011226415094339623,5.188996490107441,4.638154358,9.07197984,9.089979800000002,5.188996490107441,5.188996490107441,0.7783018867924528,0.034575700460834316,-0.023349285366494693,HOU
113,41293,97.0,-5,-1,-7,-1,175,Justin Britt,C,10.25,33.5,5.19,23.0,23.0,99.0,4.69,8.14,78,315,0.8806185000993714,0.005032105714853551,0.015942857142857144,5.346663770825743,3.89535498,9.37797916,9.39597912,5.346663770825743,5.346663770825743,0.5542857142857143,0.036078674080370125,-0.02013581693751298,HOU
116,47806,158.0,-15,-1,-16,-1,251,Tytus Howard,T,10.63,34.0,5.05,21.0,29.5,103.0,4.87,8.34,77,322,-7.707558207386213,-0.03070740321667814,0.02667330677290837,5.163822548158885,3.635033574,7.721982840000003,11.32197484,5.163822548158885,5.163822548158885,0.6294820717131474,0.049049444148408804,-0.022376137375500434,HOU
117,47838,148.5,-10,-6,-13,-2,230,Max Scharping,G,10.0,33.625,0.0,27.0,28.0,108.0,4.69,7.77,78,325,3.7186661396431377,0.016168113650622342,0.030804347826086955,5.048591633678676,3.871592187,9.28797936,12.40197244,5.048591633678676,5.048591633678676,0.6456521739130435,0.05055345790073708,-0.019749110074650127,HOU
118,41322,90.0,-5,-2,-4,-1,163,Brandon Linder,G,10.25,34.5,5.35,30.0,26.5,99.0,4.71,7.77,78,315,-2.9137683374016965,-0.017875879370562554,0.01782208588957055,5.763071697363246,4.160902668,8.85598032,10.38597692,5.763071697363246,5.763071697363246,0.5521472392638037,0.03289143985404762,-0.015069353964477065,JAX
121,44846,227.5,-12,-5,-18,-1,264,Cam Robinson,T,10.5,35.5,5.15,0.0,26.0,106.0,4.82,7.81,78,320,-7.654803395662303,-0.02899546740781175,0.028674242424242425,5.513486647722306,4.815225313,8.243981680000001,8.62198084,5.513486647722306,5.513486647722306,0.8617424242424242,0.06118393858988176,-0.03250969616563934,JAX
132,42477,135.0,-5,-7,-12,-2,195,Mark Glowinski,G,9.75,33.13,5.2,31.0,29.5,113.0,4.58,7.56,76,310,28.354836775569325,0.14540941936189394,0.03007692307692308,4.797648656965652,4.182312637,8.729980600000001,11.14197524,4.797648656965652,4.797648656965652,0.6923076923076923,0.048569316106949284,-0.018492393030026203,IND
133,43307,148.0,-5,-3,-9,-2,258,Ryan Kelly,C,9.63,33.63,5.03,26.0,30.0,103.0,4.59,7.58,76,309,34.633482114113825,0.13423830276788304,0.015426356589147287,5.372425323085491,3.949867416,8.441981240000002,8.40598132,5.372425323085491,5.372425323085491,0.5736434108527132,0.029389203551683514,-0.013962846962536229,IND
135,46075,103.5,-7,-2,-3,-1,153,Quenton Nelson,G,10.38,33.75,0.0,35.0,26.5,105.0,4.62,7.65,77,330,6.9517827624294055,0.045436488643329435,0.02235294117647059,5.710397733923267,3.175260324,9.017979960000002,11.55597432,5.710397733923267,5.710397733923267,0.6764705882352942,0.036504719770225076,-0.014151778593754487,IND
136,46106,79.5,-5,-1,-3,-1,88,Braden Smith,T,9.38,32.25,5.22,35.0,33.5,113.0,4.77,7.81,78,315,6.508777876006201,0.07396338495461592,0.02738636363636364,5.478689839319485,4.655723125,9.161979640000002,7.829982600000001,5.478689839319485,5.478689839319485,0.9034090909090909,0.05481758778147873,-0.02743122414511509,IND
138,33107,192.0,-9,-5,-9,-6,233,Duane Brown,T,10.0,34.25,5.09,24.0,27.5,105.0,4.52,7.58,76,315,40.043069827523496,0.1718586687876545,0.02918454935622318,5.596035099370104,5.19784418,9.48597892,12.90597132,5.596035099370104,5.596035099370104,0.8240343347639485,0.05093190910435752,-0.021747359748134343,SEA
139,41310,149.0,-4,0,-13,0,233,Gabe Jackson,G,10.0,33.75,5.34,30.0,29.0,108.0,4.78,8.25,75,336,40.043069827523496,0.1718586687876545,0.01053648068669528,5.5240562775774364,3.999121548,9.91797796,9.1799796,5.5240562775774364,5.5240562775774364,0.6394849785407726,0.024574804847555184,-0.014038324160859903,SEA
140,43447,142.0,-6,-2,-8,-2,174,Brandon Shell,T,10.75,34.75,5.22,22.0,30.5,112.0,4.62,7.62,77,324,36.86847627780546,0.21188779470003144,0.0217816091954023,5.200780520538232,5.454413716,9.5399788,13.643969680000005,5.200780520538232,5.200780520538232,0.8160919540229885,0.04559858185777424,-0.023816972662371937,SEA
141,45056,106.0,-10,-2,-9,-2,197,Kyle Fuller (G),G,9.38,32.88,5.24,23.0,26.0,96.0,4.84,7.71,77,320,35.448883689147074,0.17994357202612732,0.025913705583756348,5.538397524760809,4.487612405,10.349977,11.789973800000002,5.538397524760809,5.538397524760809,0.5380710659898477,0.039871969550966,-0.013958263967209651,SEA
152,35472,138.0,-6,-1,-7,-2,208,Rodger Saffold,G,9.38,33.63,5.21,27.0,29.5,113.0,4.67,7.42,77,325,27.398523856015906,0.13172367238469185,0.015841346153846154,5.2583145828475715,3.2658362739999998,9.97197784,7.883982480000001,5.2583145828475715,5.2583145828475715,0.6634615384615384,0.03170467532399951,-0.01586332917015336,TEN
153,38629,158.5,-7,-3,-10,-1,272,Ben Jones,C,9.63,32.5,5.35,29.0,30.5,105.0,4.74,7.95,75,308,32.037830161556016,0.11778614029983828,0.016488970588235296,5.195281010054292,4.226835625,9.5399788,12.077973160000004,5.195281010054292,5.195281010054292,0.5827205882352942,0.03141769639724727,-0.014928725809011978,TEN
154,40124,231.0,-15,-6,-10,-4,276,David Quessenberry,G,10.63,34.38,5.08,25.0,29.5,112.0,4.45,7.49,77,310,32.25916250626361,0.11688102357341887,0.03161231884057971,5.0909555984123465,4.62703104,9.6299786,13.96796896,5.0909555984123465,5.0909555984123465,0.8369565217391305,0.0568427220298099,-0.025230403189230192,TEN
155,41237,160.0,-6,-3,-6,-2,182,Taylor Lewan,T,9.25,33.88,4.87,29.0,30.5,116.0,4.49,7.39,79,309,6.7726119476194775,0.037212153558348775,0.02197802197802198,5.0818907413743535,4.508804646000001,10.11597752,8.081982040000002,5.0818907413743535,5.0818907413743535,0.8791208791208791,0.05078088248333433,-0.028802860505312347,TEN
156,47865,170.5,-9,-4,-19,-4,264,Nate Davis,G,9.5,33.13,5.23,23.0,26.0,107.0,4.83,7.94,75,316,39.28206256782907,0.1487956915448071,0.02632575757575757,5.038572964290832,3.637167859,9.809978200000002,9.953977880000002,5.038572964290832,5.038572964290832,0.6458333333333334,0.04407587028192136,-0.01775011270616379,TEN
157,37130,83.0,-3,0,0,0,143,Rodney Hudson,C,9.38,32.5,5.27,27.0,25.5,95.0,4.96,8.03,74,315,40.76212392234545,0.2850498176387793,0.0063986013986014,6.374952384749359,3.778608761,9.57597872,7.775982720000003,6.374952384749359,6.374952384749359,0.5804195804195804,0.016155191231787762,-0.009756589833186363,ARI
158,38779,123.0,-8,-1,-6,-2,142,Kelvin Beachum,T,9.38,33.25,5.38,19.0,28.5,101.0,4.8,7.79,75,308,61.22124372036336,0.4311355191574884,0.026830985915492957,5.430104860738015,4.628954897,9.1799796,9.50397888,5.430104860738015,5.430104860738015,0.8661971830985915,0.05210533409958139,-0.025274348184088434,ARI
159,39965,151.0,-3,-1,-12,0,218,Justin Pugh,G,10.25,32.08,5.14,22.0,28.5,103.0,4.63,7.45,77,311,66.4221594104187,0.3046888046349482,0.011261467889908255,6.146886340466617,3.1919436639999996,9.449978999999999,9.68397848,6.146886340466617,6.146886340466617,0.6926605504587156,0.0286199985734011,-0.017358530683492846,ARI
160,42367,205.5,-15,-1,-14,-3,235,D.J. Humphries,T,10.0,33.63,5.12,26.0,31.0,104.0,4.64,7.87,77,307,72.91055923921792,0.3102576988902889,0.029382978723404264,5.908412620589013,4.812513691,10.38597692,11.933973480000002,5.908412620589013,5.908412620589013,0.874468085106383,0.05614150444975663,-0.02675852572635237,ARI
172,40089,119.5,-10,-1,-4,0,167,Oday Aboushi,G,10.63,33.78,5.45,17.0,23.5,100.0,4.84,7.92,77,315,29.34540392363636,0.1757209815786608,0.022934131736526944,5.601584447654755,3.5768266630000003,8.729980600000001,7.6319830400000015,5.601584447654755,5.601584447654755,0.7155688622754491,0.04615772133312061,-0.02322358959659367,LAC
173,41390,145.5,-4,0,-4,0,274,Corey Linsley,C,9.88,32.0,5.24,36.0,27.0,107.0,4.53,7.46,75,301,37.22416074810494,0.13585460127045598,0.005839416058394161,5.919783864796394,4.032383647,10.313977080000004,14.399968,5.919783864796394,5.919783864796394,0.531021897810219,0.013219729086136067,-0.0073803130277419055,LAC
174,53442,240.0,-14,-2,-9,-2,274,Rashawn Slater,T,10.5,33.0,4.91,33.0,33.0,112.0,4.45,7.48,75,305,37.22416074810494,0.13585460127045598,0.023083941605839414,5.582876091309546,4.649764892,9.59397868,12.581972040000002,5.582876091309546,5.582876091309546,0.8759124087591241,0.0437774381254914,-0.020693496519651983,LAC
175,41959,176.0,-11,-4,-7,-2,274,Matt Feiler,G,9.5,32.0,5.37,36.0,26.5,102.0,4.86,8.13,78,330,37.22416074810494,0.13585460127045598,0.02197080291970803,5.707283475660953,3.41163078,7.95598232,8.459981200000001,5.707283475660953,5.707283475660953,0.6423357664233577,0.0394492463599834,-0.017478443440275365,LAC
177,41475,252.5,-10,-2,-14,-3,298,Charles Leno,T,10.13,34.38,5.21,21.0,29.0,108.0,4.4,7.57,75,305,-0.8996612670944003,-0.003018997540585236,0.019395973154362416,5.382330275965754,4.880513037,11.55597432,13.013971080000005,5.382330275965754,5.382330275965754,0.8473154362416108,0.04273049279917789,-0.023334519644815477,WAS
178,42348,79.0,-2,0,-5,0,113,Brandon Scherff,G,11.0,33.38,5.05,23.0,32.5,107.0,4.57,7.18,77,315,7.762967267886628,0.06869882537952768,0.009601769911504424,5.231091584263638,4.006004774,11.26797496,9.28797936,5.231091584263638,5.231091584263638,0.6991150442477876,0.027406984377664097,-0.017805214466159673,WAS
180,45012,164.0,-8,-2,-8,0,273,Chase Roullier,C,9.5,32.25,5.54,19.0,26.5,97.0,4.47,7.6,76,312,4.5094507584138634,0.016518134646204632,0.014652014652014654,5.295295927814219,4.553095943,10.475976720000002,13.19397068,5.295295927814219,5.295295927814219,0.6007326007326007,0.030984619002273624,-0.016332604350258968,WAS
181,53480,129.0,-6,-2,-8,-1,148,Samuel Cosmi,T,10.25,33.0,4.87,36.0,30.0,117.0,4.39,7.35,77,295,20.62163667760085,0.13933538295676254,0.024256756756756755,4.749756579603588,5.121610661,8.459981200000001,17.477961160000003,4.749756579603588,4.749756579603588,0.8716216216216216,0.050453928917200894,-0.026197172160444142,WAS
189,40070,150.0,-6,-1,-4,-1,249,J.C. Tretter,C,10.13,33.38,5.09,29.0,29.5,109.0,4.69,7.48,76,307,-10.728167067827544,-0.043085008304528286,0.011285140562248995,6.030170783391339,4.4099242180000005,8.837980360000003,11.699974,6.030170783391339,6.030170783391339,0.6024096385542169,0.023361055482284412,-0.01207591492003542,CLE
190,41264,168.0,-2,0,-6,-1,249,Joel Bitonio,G,9.63,33.88,4.97,22.0,32.0,113.0,4.44,7.37,76,320,-10.728167067827544,-0.043085008304528286,0.005542168674698796,6.189354854827192,4.075394169,10.403976880000002,13.049971,6.189354854827192,6.189354854827192,0.6746987951807228,0.01878165020994639,-0.013239481535247594,CLE
191,43297,125.0,-9,0,-6,-2,153,Jack Conklin,T,10.38,35.0,5.0,25.0,30.0,103.0,4.57,7.63,78,308,3.228587221970868,0.02110187726778345,0.024281045751633985,6.404975914936543,5.116047243,9.449978999999999,10.727976160000004,6.404975914936543,6.404975914936543,0.8169934640522876,0.047854740921617595,-0.023573695169983606,CLE
192,46235,170.5,-10,0,-14,-1,249,Wyatt Teller,G,10.25,34.0,5.24,30.0,29.0,114.0,4.84,7.45,76,315,-10.728167067827544,-0.043085008304528286,0.01839357429718876,5.832167394692039,4.040011183,10.763976080000004,11.663974080000004,5.832167394692039,5.832167394692039,0.6847389558232931,0.032501280043321035,-0.014107705746132272,CLE
195,43367,219.5,-6,0,-10,0,339,Joe Thuney,G,9.63,32.25,4.95,28.0,28.5,110.0,4.54,7.47,77,308,68.64830891293352,0.2025023861738452,0.008200589970501477,5.915204894641932,3.209117398,9.64797856,11.969973400000002,5.915204894641932,5.915204894641932,0.6474926253687315,0.023907154180323395,-0.01570656420982192,KC
196,46152,295.0,-13,-9,-11,-3,339,Orlando Brown,T,9.75,35.0,5.85,14.0,19.5,82.0,5.38,7.87,80,345,68.64830891293352,0.2025023861738452,0.02716814159292035,5.5098533716742,4.436811012,9.5399788,8.657980760000001,5.5098533716742,5.5098533716742,0.8702064896755162,0.05762112298976418,-0.030452981396843826,KC
198,53492,170.0,-4,-1,-6,-1,339,Creed Humphrey,C,9.625,32.5,5.11,29.0,33.0,112.0,4.49,7.5,77,316,68.64830891293352,0.2025023861738452,0.007050147492625369,6.413249115947112,3.386248527,10.367976960000002,11.84397368,6.413249115947112,6.413249115947112,0.5014749262536873,0.015140640708158576,-0.008090493215533207,KC
199,53655,231.5,-15,-3,-15,-4,339,Trey Smith,G,10.0,33.75,5.11,32.0,31.0,112.0,4.82,7.43,78,325,68.64830891293352,0.2025023861738452,0.02359882005899705,5.984444484812415,3.015949457,11.717973960000002,15.281966040000002,5.984444484812415,5.984444484812415,0.6828908554572272,0.03876832896892265,-0.015169508909925598,KC
210,42883,176.5,-9,-3,-7,0,286,David Andrews,C,10.0,32.125,5.12,27.0,30.0,108.0,4.78,8.12,75,300,13.304315493256336,0.04651858564075642,0.01611888111888112,5.5173980883574245,4.065440676000001,10.349977,8.657980760000001,5.5173980883574245,5.5173980883574245,0.6171328671328671,0.03384508167798014,-0.01772620055909902,NE
213,47861,66.5,-3,0,-5,0,116,Michael Deiter,C,10.75,33.13,5.23,21.0,28.0,105.0,4.81,7.88,78,310,-6.087483622230415,-0.052478307088193225,0.011982758620689656,5.385816814292212,3.855406452,8.153981880000002,7.883982480000001,5.385816814292212,5.385816814292212,0.5732758620689655,0.032095916602820136,-0.02011315798213048,MIA
216,53471,235.0,-27,-2,-22,-6,282,Liam Eichenberg,T,9.625,32.375,0.0,33.0,26.5,105.0,4.57,7.53,78,308,24.093916106016426,0.08543941881566107,0.04370567375886525,5.203618182783151,4.976652902,8.837980360000003,19.74595612,5.203618182783151,5.203618182783151,0.8333333333333334,0.06902802082880471,-0.025322347069939466,MIA
217,42474,149.0,-6,-2,-4,-1,231,Shaquille Mason,G,9.5,32.125,5.27,25.0,32.0,110.0,4.65,7.53,73,310,-5.708844073094305,-0.024713610706035952,0.013896103896103896,5.409879135239729,3.69401093,9.5399788,14.957966760000005,5.409879135239729,5.409879135239729,0.645021645021645,0.02492022281465604,-0.011024118918552143,NE
218,52603,148.5,-21,-3,-12,-1,175,Justin Herron,T,8.88,33.5,5.26,27.0,33.0,105.0,4.88,8.41,77,290,-1.7819817466964216,-0.010182752838265266,0.051114285714285716,5.454761077915324,4.558042945,9.7199784,10.22397728,5.454761077915324,5.454761077915324,0.8485714285714285,0.08366293810304548,-0.03254865238875976,NE
228,40023,105.5,-2,-2,-8,0,127,Terron Armstead,T,9.25,34.08,4.71,31.0,34.5,112.0,4.72,7.62,77,304,15.987910097890026,0.12588905588889784,0.017086614173228345,5.945981488551174,4.615147223999999,9.269979400000002,9.03597992,5.945981488551174,5.945981488551174,0.8307086614173228,0.03997194766855201,-0.022885333495323668,NO
229,42356,84.0,-9,-2,-8,-3,127,Andrus Peat,G,10.63,34.38,5.18,0.0,31.0,105.0,4.62,8.01,79,316,20.331859047889367,0.16009337832983753,0.03862204724409449,7.362152452785527,3.440060358,8.675980720000002,7.577983160000001,7.362152452785527,7.362152452785527,0.6614173228346457,0.06223593683949316,-0.02361388959539867,NO
231,47831,47.0,-2,-1,0,0,81,Erik McCoy,C,9.63,33.0,4.89,29.0,31.0,107.0,4.62,8.28,76,315,13.046463310886647,0.16106744828255126,0.012469135802469136,6.3419878568386086,4.206303784,13.139970800000002,12.725971720000002,6.3419878568386086,6.3419878568386086,0.5802469135802469,0.02687349955072904,-0.014404363748259905,NO
232,52432,132.0,-7,-1,-8,-2,203,Cesar Ruiz,G,11.0,33.13,5.08,28.0,33.0,113.0,4.64,7.91,75,319,35.54923303961721,0.17511937457939508,0.01820197044334975,6.922693036423596,3.72926847,9.52197884,7.2539838800000025,6.922693036423596,6.922693036423596,0.6502463054187192,0.029046455581319016,-0.010844485137969265,NO
233,52666,102.0,-6,-4,-7,0,155,Calvin Throckmorton,T,9.5,32.5,5.57,23.0,27.0,97.0,4.98,8.07,77,318,19.125043562181663,0.12338737782052685,0.02641935483870968,6.851016741225492,3.737499026,8.297981560000002,10.56597652,6.851016741225492,6.851016741225492,0.6580645161290323,0.04332343198943825,-0.016904077150728572,NO
234,41296,193.0,-14,-2,-14,-2,226,Billy Turner,T,10.0,34.0,5.16,25.0,28.0,108.0,4.71,7.92,77,310,44.214592079023134,0.19563978796027934,0.03008849557522124,5.749417196574552,4.975149845,10.60197644,10.81797596,5.749417196574552,5.749417196574552,0.8539823008849557,0.05672320805537928,-0.026634712480158043,GB
238,53571,146.0,-9,-1,-6,-4,226,Royce Newman,T,9.0,33.75,5.15,23.0,28.0,104.0,4.75,7.91,77,305,44.214592079023134,0.19563978796027934,0.01997787610619469,5.725710428844683,3.6887790110000003,9.57597872,10.9799756,5.725710428844683,5.725710428844683,0.6460176991150443,0.040380419916200436,-0.020402543810005745,GB
246,37090,227.0,-18,-6,-17,-3,279,Nate Solder,T,9.88,35.5,4.96,21.0,32.0,110.0,4.34,7.44,80,325,24.143007650075102,0.08653407759883547,0.03621863799283154,5.2774296972765615,4.577189242,11.84397368,8.981980040000002,5.2774296972765615,5.2774296972765615,0.8136200716845878,0.06377250811352858,-0.027553870120697037,NYG
247,46103,200.5,-12,-1,-12,-3,299,Will Hernandez,G,9.88,32.0,5.15,37.0,24.0,104.0,4.7,7.59,74,327,18.89360074017595,0.06318930013436773,0.019397993311036792,5.349421614014994,3.891622547,11.951973440000002,11.8799736,5.349421614014994,5.349421614014994,0.6705685618729097,0.028878370789886604,-0.009480377478849812,NYG
248,52412,149.5,-5,-3,-6,0,166,Andrew Thomas,T,10.25,36.13,5.22,21.0,30.5,109.0,4.66,7.58,77,326,29.523739824107924,0.17785385436209591,0.019849397590361445,5.352883275546959,4.414475404,8.747980560000002,10.025977720000002,5.352883275546959,5.352883275546959,0.9006024096385542,0.04589126238561952,-0.026041864795258073,NYG
251,38642,241.5,-11,-4,-14,-5,292,Bobby Massie,T,9.0,35.0,5.18,22.0,27.5,103.0,4.95,7.7,78,325,51.75454787713584,0.17724160231895836,0.0249486301369863,5.143473547964288,4.6295818660000005,10.169977400000002,9.233979480000002,5.143473547964288,5.143473547964288,0.827054794520548,0.051390858344588716,-0.026442228207602413,DEN
252,44832,239.0,-10,-4,-8,-5,282,Garett Bolles,T,9.38,34.0,4.95,0.0,28.0,115.0,4.55,7.29,77,300,49.79714087666122,0.17658560594560713,0.022730496453900708,4.436129843769256,4.863601378,8.459981200000001,11.80797376,4.436129843769256,4.436129843769256,0.8475177304964538,0.055459389675676846,-0.032728893221776134,DEN
253,47824,165.0,-9,-3,-8,-1,245,Dalton Risner,G,10.25,34.0,5.3,23.0,28.5,110.0,4.52,7.69,77,312,57.2116886504669,0.233517096532518,0.02002040816326531,4.733462358250742,3.753108543,12.797971560000002,7.145984120000002,4.733462358250742,4.733462358250742,0.673469387755102,0.04196341092048299,-0.021943002757217674,DEN
255,43384,134.0,-5,-2,-9,-2,206,Graham Glasgow,G,10.75,33.63,5.13,23.0,25.0,106.0,4.63,7.63,78,310,44.41973797580511,0.21562979599905396,0.017378640776699032,4.869173031391449,3.923987308,8.765980520000001,10.547976560000002,4.869173031391449,4.869173031391449,0.6504854368932039,0.039703038723960575,-0.022324397947261543,DEN
263,52507,111.5,-6,-1,-5,-1,147,Matt Peart,T,9.5,36.63,5.06,26.0,30.0,113.0,4.92,8.01,79,303,-10.6410181012869,-0.07238787824004693,0.019761904761904762,5.466417454323988,4.620351513999999,9.52197884,10.259977200000002,5.466417454323988,5.466417454323988,0.7585034013605442,0.048525394124117854,-0.028763489362213096,NYG
267,29550,192.0,-9,-3,-8,-3,224,Jason Peters,T,9.38,33.13,4.99,21.0,29.0,115.0,4.75,7.7,76,328,-19.65003900219623,-0.08772338840266174,0.023683035714285712,5.223062946608554,4.9413669239999995,8.92798016,11.159975200000002,5.223062946608554,5.223062946608554,0.8571428571428571,0.04737232114724787,-0.023689285432962157,CHI
269,43345,164.0,-7,0,-8,-3,248,Cody Whitehair,G,10.13,32.38,5.02,16.0,25.5,110.0,4.58,7.32,75,309,-19.949657472329516,-0.08044216722713513,0.014092741935483872,5.570129712554354,4.087504719,9.269979400000002,13.08597092,5.570129712554354,5.570129712554354,0.6612903225806451,0.02930482751849498,-0.015212085583011108,CHI
270,46108,157.0,-5,-1,-14,-1,248,James Daniels,G,9.5,33.75,0.0,21.0,30.5,108.0,4.4,7.29,75,305,-19.949657472329516,-0.08044216722713513,0.013931451612903227,5.4134647489282575,3.932398328,8.891980240000002,11.897973560000002,5.4134647489282575,5.4134647489282575,0.6330645161290323,0.027891816469378515,-0.01396036485647529,CHI
271,48159,156.5,-10,0,-11,-1,248,Sam Mustipher,C,9.0,32.125,5.63,20.0,26.5,101.0,4.84,8.25,74,311,-19.949657472329516,-0.08044216722713513,0.017318548387096774,5.569863431704849,4.297929352,8.963980080000002,8.981980040000002,5.569863431704849,5.569863431704849,0.6310483870967742,0.034537911319998234,-0.01721936293290146,CHI
272,30869,180.0,-10,-2,-5,-1,217,Andrew Whitworth,T,10.13,35.0,5.17,28.0,30.5,112.0,4.83,8.23,79,330,85.79826834083546,0.3953837250729744,0.02085253456221198,5.548067298083994,4.951511195,8.71198064,12.7799716,5.548067298083994,5.548067298083994,0.8294930875576036,0.04935577551131923,-0.028503240949107243,LA
273,42400,214.5,-15,-4,-4,-1,249,Rob Havenstein,T,9.88,33.75,5.46,16.0,28.5,96.0,4.87,8.28,80,328,99.77726765359958,0.4007119182875487,0.0271285140562249,6.237516112012732,4.723912947,9.41397908,13.391970240000004,6.237516112012732,6.237516112012732,0.8614457831325302,0.059533076996571906,-0.032404562940347006,LA
274,46102,166.5,-10,-4,-9,0,249,Austin Corbett,G,10.5,33.13,5.15,19.0,28.0,106.0,4.5,7.87,76,305,99.77726765359958,0.4007119182875487,0.02210843373493976,5.753701234730929,3.7722404210000002,11.681974040000002,8.06398208,5.753701234730929,5.753701234730929,0.6686746987951807,0.04210617279551292,-0.019997739060573158,LA
275,46180,145.0,-9,-1,-8,-3,249,Brian Allen,C,9.25,32.38,5.34,27.0,26.5,99.0,4.71,7.81,74,302,99.77726765359958,0.4007119182875487,0.018092369477911645,5.7985041506821755,4.222239421,7.145984120000002,8.675980720000002,5.7985041506821755,5.7985041506821755,0.5823293172690763,0.029873650022735402,-0.011781280544823757,LA
276,47952,171.5,-9,-1,-11,-1,251,David Edwards,G,9.75,33.38,5.28,16.0,25.5,99.0,4.77,7.69,78,308,97.30402770451012,0.3876654490219527,0.01749003984063745,5.720315999333347,3.599909853,10.20597732,11.26797496,5.720315999333347,5.720315999333347,0.6832669322709163,0.040599716241272565,-0.023109676400635118,LA
285,46084,230.0,-10,-1,-11,0,264,Kolton Miller,T,10.75,34.125,4.91,24.0,31.5,121.0,4.49,7.34,80,325,59.79385514703557,0.2264918755569529,0.01702651515151515,5.027517321785312,5.043628612,9.41397908,12.47397228,5.027517321785312,5.027517321785312,0.8712121212121212,0.04606926306342282,-0.029042747911907668,LV
286,48235,152.0,-9,-1,-8,0,264,Andre James,C,10.0,32.0,5.32,21.0,29.0,105.0,4.84,8.0,76,300,59.79385514703557,0.2264918755569529,0.014791666666666668,5.133437474764003,4.104354861,7.829982600000001,9.899977999999999,5.133437474764003,5.133437474764003,0.5757575757575758,0.03436805671116435,-0.019576390044497682,LV
287,52517,169.0,-12,-3,-15,-1,264,John Simpson,G,11.25,34.13,5.24,34.0,30.0,107.0,4.87,8.03,76,330,59.79385514703557,0.2264918755569529,0.02456439393939394,5.004683729415861,3.4337894660000003,9.79197824,14.237968360000002,5.004683729415861,5.004683729415861,0.6401515151515151,0.040382380826929666,-0.015817986887535725,LV
288,53446,202.5,-31,-8,-14,-4,243,Alex Leatherwood,T,9.5,33.875,5.01,0.0,34.5,118.0,4.65,7.45,77,305,42.534960015916546,0.17504098771982118,0.06084362139917696,4.824925074801991,4.349116932,9.37797916,9.66597852,4.824925074801991,4.824925074801991,0.8333333333333334,0.092313912858074,-0.03147029145889703,LV
290,38557,179.5,-4,0,-10,0,257,Kevin Zeitler,G,10.25,32.75,5.32,32.0,29.0,101.0,4.61,7.77,76,315,32.68630741109366,0.1271840755295473,0.008443579766536966,5.964613083775581,3.70572727,9.93597792,10.27797716,5.964613083775581,5.964613083775581,0.6984435797665369,0.024249282217314722,-0.015805702450777757,BAL
294,46284,156.5,-5,-1,-8,-2,253,Bradley Bozeman,C,9.75,31.25,5.46,27.0,24.0,97.0,5.17,8.25,77,317,38.31448523696458,0.15144065311053193,0.012193675889328064,6.272577829579668,3.774389203,10.81797596,10.097977560000002,6.272577829579668,6.272577829579668,0.6185770750988142,0.02981315387564077,-0.017619477986312707,BAL
307,42424,150.0,-8,0,-17,-3,221,John Miller,G,10.25,33.25,5.33,29.0,27.0,104.0,4.75,8.2,75,315,-2.239150011460917,-0.010131900504348042,0.021063348416289592,5.2413447468640335,3.3350090430000003,8.909980200000003,7.757982760000001,5.2413447468640335,5.2413447468640335,0.6787330316742082,0.03990033285436409,-0.018836984438074498,CAR
318,48485,108.0,-15,-1,-7,-2,124,Blake Hance,G,10.13,32.125,5.29,27.0,27.0,107.0,4.69,7.65,77,310,-10.004639189982745,-0.08068257411276405,0.04870967741935485,5.91032409957308,4.790806802,9.305979320000002,9.93597792,5.91032409957308,5.91032409957308,0.8709677419354839,0.07335831883762368,-0.02464864141826883,CLE
319,39947,181.0,-12,-6,-11,-5,209,Eric Fisher,T,10.5,34.48,5.05,27.0,28.5,116.0,4.44,7.59,79,315,27.31418198930056,0.13068986597751464,0.038779904306220095,5.225496963597883,4.718007435,10.83597592,11.717973960000002,5.225496963597883,5.225496963597883,0.8660287081339713,0.0676101512338882,-0.028830246927668106,IND
321,46275,90.5,-4,-2,-4,-1,101,Matt Pryor,T,11.5,35.5,5.6,23.0,24.5,96.0,4.9,7.87,79,332,31.892337111708557,0.3157657139773124,0.025742574257425738,5.333836290472763,4.431876515,9.10797976,9.6299786,5.333836290472763,5.333836290472763,0.8960396039603961,0.05571531131325984,-0.0299727370558341,IND
328,52426,216.0,-16,-5,-29,-1,290,Austin Jackson,T,10.25,34.13,5.07,27.0,31.0,115.0,0.0,7.95,78,310,11.694449121163569,0.04032568662470196,0.033913793103448275,4.908076109423592,4.279038786,12.49197224,8.49598112,4.908076109423592,4.908076109423592,0.7448275862068966,0.06062040949918558,-0.026706616395737307,MIA
340,47805,144.0,-3,0,-14,-1,161,Andre Dillard,T,10.0,33.5,4.96,24.0,29.0,118.0,4.4,7.44,77,315,-10.481001052235602,-0.06509938541761243,0.015186335403726709,4.6526255761384245,4.917548424,11.4299746,8.909980200000003,4.6526255761384245,4.6526255761384245,0.8944099378881988,0.042947388934138554,-0.027761053530411844,PHI
345,46134,87.5,-7,-4,-10,-1,104,Brandon Parker,T,9.75,35.0,5.37,21.0,28.5,113.0,4.68,7.82,80,320,31.75011061580563,0.3052895251519772,0.046971153846153836,4.580999425100111,4.8133608830000005,8.675980720000002,9.41397908,4.580999425100111,4.580999425100111,0.8413461538461539,0.08054969650703958,-0.03357854266088575,LV
353,41242,138.5,-10,-1,-4,0,208,Zack Martin,G,9.5,32.88,5.22,29.0,28.0,104.0,4.59,7.65,76,315,53.67497970187541,0.25805278702824713,0.018413461538461542,5.750019153356622,3.857698937,8.71198064,10.673976280000002,5.750019153356622,5.750019153356622,0.6658653846153846,0.033564231204414235,-0.015150769665952694,DAL
369,52600,129.0,-5,-1,-9,-2,198,Jon Runyan,G,9.13,33.25,5.08,24.0,30.5,107.0,4.69,7.57,77,321,63.083556025645635,0.3186038183113416,0.01606060606060606,5.913821460034286,3.622409306,9.39597912,9.341979240000002,5.913821460034286,5.913821460034286,0.6515151515151515,0.03169685768074881,-0.015636251620142753,GB
373,43484,113.5,-8,-2,-8,-1,184,Wes Schweitzer,G,10.5,32.625,5.15,28.0,27.5,108.0,4.73,7.8,77,314,-9.766101854827706,-0.05307664051536797,0.02282608695652174,5.041350740596722,4.139267547,9.953977880000002,9.07197984,5.041350740596722,5.041350740596722,0.6168478260869565,0.041285983362589956,-0.01845989640606822,WAS
380,42476,65.5,-1,0,-2,0,116,Max Garcia,C,10.25,33.13,5.24,30.0,28.0,103.0,5.12,8.18,76,309,45.94664825224478,0.3960917952779722,0.004267241379310345,6.2284844379378095,3.551079065,10.025977720000002,8.17198184,6.2284844379378095,6.2284844379378095,0.5646551724137931,0.018388646389832123,-0.014121405010521778,ARI
401,48181,76.0,-5,-2,-2,-2,93,Yosuah Nijman,T,10.13,34.125,4.88,27.0,30.5,114.0,4.5,8.07,79,314,23.228550642476808,0.2497693617470625,0.031344086021505374,5.106372869834185,5.149695301,10.42197684,9.70197844,5.106372869834185,5.106372869834185,0.8172043010752689,0.06195784576829634,-0.03061375974679097,GB
414,46679,118.5,-1,0,-4,-1,190,Evan Brown,C,10.0,32.5,5.03,36.0,36.0,113.0,4.46,7.87,74,302,-40.12303127371234,-0.21117384880901235,0.0046578947368421065,5.091448267663357,4.086941065,7.397983560000003,8.801980440000003,5.091448267663357,5.091448267663357,0.6236842105263158,0.018437616481036347,-0.01377972174419424,DET
421,43695,89.5,-2,-2,-8,-1,142,Matt Skura,C,10.13,33.375,5.39,27.0,24.0,103.0,4.76,7.89,75,313,8.195974233082579,0.05771812840198999,0.016690140845070426,6.0724676066361205,4.045381535,9.341979240000002,11.62797416,6.0724676066361205,6.0724676066361205,0.6302816901408451,0.030146969253442343,-0.013456828408371917,NYG
442,43510,97.0,-3,-2,-3,0,143,Ted Karras,C,9.5,32.5,5.34,32.0,26.5,106.0,4.7,8.15,76,305,21.412149126083587,0.1497353085740111,0.013986013986013986,5.4476212826730706,3.578667096,10.169977400000002,6.605985320000001,5.4476212826730706,5.4476212826730706,0.6783216783216783,0.034264027009462364,-0.02027801302344838,NE
444,41324,75.5,-5,-1,-2,-1,109,Michael Schofield,G,9.63,34.0,5.01,0.0,24.0,92.0,4.57,7.62,78,301,9.314542214672377,0.08545451573093922,0.021238532110091742,5.189853913797568,3.798156697,9.91797796,10.42197684,5.189853913797568,5.189853913797568,0.6926605504587156,0.050004329474231474,-0.02876579736413973,LAC
448,52534,105.5,-11,0,-7,-2,136,Charlie Heck,T,10.25,34.13,5.16,21.0,28.0,112.0,4.86,8.02,80,315,-14.324903076350038,-0.1053301696790444,0.0325,5.028703248368509,5.011653301,10.11597752,10.0799776,5.028703248368509,5.028703248368509,0.7757352941176471,0.06438768513899275,-0.03188768513899275,HOU
473,47919,73.5,-4,-1,-4,-3,105,Michael Jordan,G,10.0,34.25,5.27,19.0,32.5,116.0,4.71,7.71,78,315,-19.90657820130324,-0.18958645906003085,0.024761904761904763,5.110192128493352,3.47765461,8.513981080000002,7.30798376,5.110192128493352,5.110192128493352,0.7,0.048819259702687454,-0.02405735494078269,CAR
498,42565,49.5,-3,0,-4,0,77,Austin Reiter,C,9.5,32.0,5.17,0.0,34.0,107.0,4.53,7.65,75,300,5.847860655144622,0.07594624227460547,0.01681818181818182,5.309813910743612,4.137460901,7.2179839600000015,9.57597872,5.309813910743612,5.309813910743612,0.6428571428571429,0.03870741514432924,-0.02188923332614742,MIA
