Unnamed: 0,blockPlayer,totalRushPlayers,totalWinsAllowed,totalHitsAllowed,totalHurriesAllowed,totalSacksAllowed,playCount,displayName,officialPosition,HandSize,ArmLength,40Yard,BenchPress,VertLeap,BroadJump,Shuttle,3Cone,height,weight,epa,average_epa,actualSCRT
0,40151,187.5,-9,-2,-10,-1,308,Ryan Jensen,C,9.13,32.5,5.23,30.0,25.5,98.0,4.56,7.69,76,319,83.21187876300942,0.2701684375422384,0.015243506493506495
1,42377,259.0,-12,-2,-12,-1,306,Donovan Smith,T,10.63,34.38,5.27,26.0,32.0,109.0,4.79,7.95,78,338,85.11933127897615,0.2781677492776998,0.018954248366013074
2,42404,215.0,-8,0,-11,-1,306,Ali Marpet,G,10.0,33.38,4.98,30.0,30.5,108.0,4.47,7.33,76,307,85.11933127897615,0.2781677492776998,0.012042483660130719
3,46163,216.5,-11,-4,-9,-2,309,Alex Cappa,G,9.25,32.63,5.39,24.0,26.5,97.0,4.84,8.04,78,305,85.20034292423922,0.27572926512698775,0.020097087378640778
4,52421,249.5,-6,-1,-6,-1,309,Tristan Wirfs,T,10.25,34.0,4.85,24.0,36.5,121.0,4.68,7.65,77,322,85.20034292423922,0.27572926512698775,0.009708737864077669
5,37082,181.0,-5,-1,-4,-1,223,Tyron Smith,T,11.0,36.38,5.08,29.0,29.0,109.0,4.68,7.47,77,320,62.067455390873775,0.2783293963716313,0.011233183856502241
7,46119,178.0,-9,0,-8,-1,261,Connor Williams,G,10.5,33.0,5.05,26.0,34.0,112.0,4.63,7.83,77,298,67.15938155621065,0.25731563814640096,0.014195402298850576
9,52554,159.0,-10,-3,-13,0,261,Tyler Biadasz,C,10.0,32.25,0.0,0.0,0.0,0.0,0.0,0.0,75,320,67.15938155621065,0.25731563814640096,0.021015325670498086
18,41232,244.5,-13,-2,-7,-1,289,Jake Matthews,T,9.88,33.38,5.07,24.0,30.5,104.0,4.47,7.34,77,309,24.50117770317579,0.0847791616026844,0.019480968858131487
19,47814,210.5,-12,-4,-11,-2,251,Kaleb McGary,T,10.25,32.875,5.05,23.0,33.5,111.0,4.58,7.66,78,306,11.635844701433728,0.046357947017664256,0.026713147410358566
21,53497,180.5,-11,-12,-12,-5,286,Jalen Mayfield,G,9.75,32.625,5.39,0.0,28.5,96.0,4.91,7.86,77,320,24.198664957686418,0.0846107166352672,0.035996503496503504
22,47797,192.5,-7,-2,-8,0,289,Chris Lindstrom,G,9.5,34.13,4.91,25.0,30.5,117.0,4.54,7.61,76,307,24.50117770317579,0.0847791616026844,0.012785467128027679
23,52486,170.5,-17,0,-12,-1,289,Matt Hennessy,C,10.0,32.25,5.18,23.0,30.0,110.0,4.6,7.45,76,290,24.50117770317579,0.0847791616026844,0.02257785467128028
26,37266,145.0,-4,0,-11,-1,255,Jason Kelce,C,9.5,32.5,4.89,0.0,30.5,110.0,4.14,7.22,75,295,27.390347705976904,0.10741312825873296,0.009666666666666665
28,39950,116.0,-5,-1,-10,0,132,Lane Johnson,T,10.13,35.28,4.72,28.0,34.0,118.0,4.52,7.31,78,317,24.103474565766017,0.18260208004368195,0.021780303030303032
29,43368,53.0,-2,0,-2,0,81,Isaac Seumalo,G,9.88,33.0,5.19,19.0,26.0,105.0,4.52,7.4,76,303,5.361530653521186,0.06619173646322452,0.009876543209876543
33,46302,150.0,-5,-1,-10,-2,171,Jordan Mailata,T,0.0,0.0,5.12,22.0,0.0,0.0,0.0,6.76,80,344,32.733550887727134,0.1914242741972347,0.01915204678362573
37,42392,142.5,-4,0,-9,-1,251,Mitch Morse,C,9.25,32.25,5.14,36.0,31.0,112.0,4.5,7.6,78,305,58.17790034927458,0.23178446354292662,0.009063745019920319
38,42445,207.5,-9,-6,-11,-1,251,Daryl Williams,T,9.75,35.0,5.34,27.0,26.0,97.0,5.15,8.18,78,330,58.17790034927458,0.23178446354292662,0.02545816733067729
39,42471,154.0,-12,-4,-11,0,229,Jon Feliciano,G,9.75,32.38,5.33,23.0,26.5,97.0,4.74,0.0,76,323,60.01629809784913,0.2620799043574198,0.027532751091703056
40,44875,227.0,-8,-3,-10,-1,252,Dion Dawkins,T,9.88,35.0,5.11,26.0,26.0,106.0,4.78,7.3,77,320,59.46027497273903,0.23595347211404377,0.01900793650793651
41,47821,87.0,-5,-3,-14,-1,123,Cody Ford,G,9.75,34.0,5.21,19.0,28.5,104.0,4.87,8.27,75,329,17.76292377312012,0.14441401441561075,0.03459349593495935
42,41321,152.5,-8,0,-7,-1,231,Trai Turner,G,9.5,34.0,4.93,25.0,27.5,102.0,4.77,8.16,75,315,8.877270384624442,0.03842974192478114,0.014307359307359309
43,46161,138.0,-10,-3,-4,0,173,Chukwuma Okorafor,T,10.25,34.5,5.31,19.0,23.5,102.0,4.8,7.87,78,320,13.91099086916692,0.08041035184489549,0.02676300578034682
44,52543,147.0,-5,-2,-6,-2,229,Kevin Dotson,G,0.0,0.0,0.0,0.0,0.0,0.0,0.0,0.0,76,321,4.597500240056491,0.02007642026225542,0.014388646288209607
46,53516,131.0,-16,-3,-4,-1,228,Kendrick Green,C,0.0,0.0,0.0,0.0,0.0,0.0,0.0,0.0,75,310,14.063860529456235,0.061683598813404544,0.029210526315789475
47,53557,206.0,-25,-6,-15,-3,230,Dan Moore,T,10.25,34.5,5.21,28.0,30.5,110.0,4.73,7.56,77,315,12.080467345199203,0.05252377106608349,0.05239130434782609
52,53522,86.0,-10,-1,-7,0,100,Spencer Brown,T,10.375,34.75,4.94,29.0,31.5,117.0,4.4,6.96,81,321,34.16463885926395,0.3416463885926395,0.04115
54,39684,182.5,-10,-2,-18,-3,271,Greg Van Roten,G,0.0,0.0,0.0,0.0,0.0,0.0,0.0,0.0,75,305,-18.88874773871654,-0.06970017615762561,0.022730627306273062
55,43433,155.0,-10,0,-9,-1,271,Connor McGovern,C,10.38,32.88,5.11,33.0,33.0,109.0,4.65,7.5,76,306,-18.88874773871654,-0.06970017615762561,0.015147601476014762
56,43586,187.0,-11,-2,-8,0,239,George Fant,T,0.0,0.0,0.0,0.0,0.0,0.0,0.0,0.0,77,322,-31.23757015566695,-0.13070113035843914,0.020564853556485355
58,53443,178.0,-7,-3,-16,-1,271,Alijah Vera-Tucker,G,9.625,32.125,5.13,32.0,32.0,106.0,4.63,7.7,76,310,-18.88874773871654,-0.06970017615762561,0.018653136531365314
59,41436,174.0,-4,-2,-12,-3,294,Matt Paradis,C,9.88,32.375,5.34,23.0,26.0,102.0,4.46,7.6,75,300,-8.405300201370359,-0.02858945646724612,0.012789115646258504
60,42362,183.5,-14,-4,-16,-1,216,Cameron Erving,T,10.38,34.13,5.15,30.0,30.5,112.0,4.63,7.48,77,313,29.950369669263893,0.1386591188391847,0.035138888888888886
61,44876,247.5,-16,-2,-16,0,294,Taylor Moton,T,10.63,34.13,5.18,23.0,30.5,109.0,4.58,7.73,77,325,-8.405300201370359,-0.02858945646724612,0.024489795918367346
63,47995,117.0,-11,-3,-5,-2,176,Dennis Daley,G,9.5,33.38,5.23,20.0,26.5,103.0,4.92,7.95,78,324,-0.8203408505264971,-0.004661027559809642,0.030852272727272725
74,41295,205.5,-11,-5,-15,-2,244,Morgan Moses,T,9.88,35.38,5.35,0.0,21.5,104.0,4.95,7.93,78,330,-12.49405240190251,-0.05120513279468242,0.02942622950819672
75,43640,134.5,-11,-5,-12,-2,164,Rashod Hill,T,0.0,0.0,0.0,0.0,0.0,0.0,0.0,0.0,78,313,33.61283294646475,0.20495629845405336,0.042042682926829264
76,46131,219.0,-11,-1,-4,0,254,Brian O'Neill,T,0.0,0.0,0.0,0.0,0.0,0.0,0.0,0.0,79,297,47.39419064777106,0.1865913017628782,0.016279527559055117
77,47801,140.5,-6,-7,-11,-2,254,Garrett Bradbury,C,10.5,31.75,4.92,34.0,31.0,104.0,4.53,7.41,75,305,47.39419064777106,0.1865913017628782,0.02391732283464567
78,47976,174.0,-11,-3,-17,0,254,Olisaemeka Udoh,T,10.0,35.375,5.05,26.0,28.5,105.0,5.05,7.88,77,323,47.39419064777106,0.1865913017628782,0.024291338582677166
79,52466,157.5,-13,-3,-15,-2,254,Ezra Cleveland,G,9.0,33.38,4.93,30.0,30.0,111.0,4.46,7.26,78,310,47.39419064777106,0.1865913017628782,0.02751968503937008
80,38553,217.5,-20,-1,-10,-4,257,Riley Reiff,T,10.13,33.25,5.16,23.0,26.5,98.0,4.75,7.87,78,305,66.35089965981778,0.25817470684754,0.032101167315175094
82,41619,157.0,-12,-2,-8,-3,255,Trey Hopkins,C,0.0,0.0,0.0,0.0,0.0,0.0,0.0,0.0,75,316,59.497475474687505,0.23332343323406865,0.022823529411764704
83,43045,169.0,-12,0,-6,-1,258,Quinton Spain,G,9.75,35.0,5.36,28.0,29.0,103.0,4.75,7.88,76,330,65.49632538228644,0.25386172628793197,0.01717054263565892
84,47794,219.5,-17,-4,-9,-3,258,Jonah Williams,T,10.13,33.625,5.09,23.0,28.0,100.0,4.79,8.01,76,305,65.49632538228644,0.25386172628793197,0.03193798449612403
94,43453,202.0,-13,-5,-17,0,326,Halapoulivaati Vaitai,G,10.63,34.25,5.26,23.0,29.0,113.0,5.0,8.26,78,320,-34.621288094190064,-0.10620027022757689,0.023251533742331288
95,46089,78.0,-2,-1,-3,0,136,Frank Ragnow,C,9.38,33.13,4.99,26.0,33.5,115.0,4.51,8.04,77,311,5.501743179522279,0.04045399396707558,0.009522058823529411
97,48455,276.0,-33,-4,-30,-3,328,Matt Nelson,T,9.38,34.875,5.15,15.0,30.5,111.0,4.61,7.45,79,299,-35.207362610483656,-0.10733952015391358,0.046082317073170724
98,52483,229.0,-15,-7,-18,-2,328,Jonah Jackson,G,10.5,33.5,5.23,28.0,26.0,98.0,5.02,7.83,76,305,-35.207362610483656,-0.10733952015391358,0.028917682926829266
99,53436,290.0,-17,-6,-18,-4,326,Penei Sewell,T,10.375,33.25,5.1,30.0,28.0,109.0,4.68,7.76,78,325,-34.621288094190064,-0.10620027022757689,0.030966257668711653
100,34472,124.5,-4,-1,-1,-1,218,Alex Mack,C,10.75,33.0,5.17,20.0,28.5,106.0,4.75,7.31,76,311,44.3295121043359,0.20334638579970596,0.00878440366972477
101,35443,144.5,-6,-3,-5,0,175,Trent Williams,T,9.75,34.25,4.81,23.0,34.5,113.0,4.63,7.64,77,320,50.67630624681017,0.28957889283891525,0.02002857142857143
102,42371,148.5,-8,-1,-5,0,219,Laken Tomlinson,G,10.13,33.63,5.33,25.0,31.5,103.0,4.87,8.17,75,312,43.772599073420004,0.19987488161378997,0.015136986301369863
103,45069,147.0,-9,-3,-12,0,219,Daniel Brunskill,G,9.88,33.88,5.2,17.0,28.0,106.0,4.84,7.9,77,260,43.772599073420004,0.19987488161378997,0.023219178082191785
104,46078,188.0,-8,-3,-12,-2,219,Mike McGlinchey,T,10.0,34.0,0.0,24.0,28.5,105.0,0.0,0.0,80,315,43.772599073420004,0.19987488161378997,0.02365296803652968
112,37213,82.5,-2,0,-4,-1,106,Marcus Cannon,T,9.13,34.0,5.26,33.0,30.5,105.0,4.97,8.07,78,335,3.3988992603654262,0.032065087361937986,0.011226415094339623
113,41293,97.0,-5,-1,-7,-1,175,Justin Britt,C,10.25,33.5,5.19,23.0,23.0,99.0,4.69,8.14,78,315,0.8806185000993714,0.005032105714853551,0.015942857142857144
115,43302,106.0,-5,-2,-5,0,122,Laremy Tunsil,T,10.0,34.25,0.0,34.0,28.5,111.0,0.0,0.0,77,313,20.769580532459788,0.17024246338081794,0.02295081967213115
116,47806,158.0,-15,-1,-16,-1,251,Tytus Howard,T,10.63,34.0,5.05,21.0,29.5,103.0,4.87,8.34,77,322,-7.707558207386213,-0.03070740321667814,0.026673306772908367
117,47838,148.5,-10,-6,-13,-2,230,Max Scharping,G,10.0,33.625,0.0,27.0,28.0,108.0,4.69,7.77,78,325,3.7186661396431377,0.01616811365062234,0.030804347826086955
118,41322,90.0,-5,-2,-4,-1,163,Brandon Linder,G,10.25,34.5,5.35,30.0,26.5,99.0,4.71,7.77,78,315,-2.913768337401696,-0.017875879370562554,0.01782208588957055
119,41939,166.5,-8,-1,-2,0,262,Andrew Norwell,G,0.0,0.0,0.0,0.0,0.0,0.0,0.0,0.0,78,325,-6.0476376238929355,-0.023082586350736393,0.011564885496183206
120,42410,75.0,-3,-1,-9,-1,109,A.J. Cann,G,10.25,32.63,5.18,26.0,32.5,109.0,0.0,0.0,75,325,-1.0192162357430279,-0.009350607667367228,0.021743119266055048
121,44846,227.5,-12,-5,-18,-1,264,Cam Robinson,T,10.5,35.5,5.15,0.0,26.0,106.0,4.82,7.81,78,320,-7.654803395662302,-0.02899546740781175,0.028674242424242425
122,47818,222.5,-15,-2,-15,-1,264,Jawaan Taylor,T,10.0,35.5,0.0,24.0,0.0,0.0,0.0,0.0,77,312,-7.654803395662302,-0.02899546740781175,0.026515151515151516
128,46143,116.0,-8,0,-7,0,138,Geron Christian,T,10.75,35.0,5.33,19.0,0.0,0.0,0.0,0.0,78,315,-25.25869313124759,-0.1830340081974463,0.0225
132,42477,135.0,-5,-7,-12,-2,195,Mark Glowinski,G,9.75,33.13,5.2,31.0,29.5,113.0,4.58,7.56,76,310,28.354836775569325,0.14540941936189397,0.030076923076923077
133,43307,148.0,-5,-3,-9,-2,258,Ryan Kelly,C,9.63,33.63,5.03,26.0,30.0,103.0,4.59,7.58,76,309,34.633482114113825,0.13423830276788304,0.015426356589147287
134,44943,102.0,-7,-3,-11,-3,118,Julien Davenport,T,0.0,0.0,0.0,0.0,0.0,0.0,0.0,0.0,79,325,3.551667251212314,0.03009887501027385,0.042203389830508475
135,46075,103.5,-7,-2,-3,-1,153,Quenton Nelson,G,10.38,33.75,0.0,35.0,26.5,105.0,4.62,7.65,77,330,6.951782762429405,0.04543648864332944,0.02235294117647059
136,46106,79.5,-5,-1,-3,-1,88,Braden Smith,T,9.38,32.25,5.22,35.0,33.5,113.0,4.77,7.81,78,315,6.508777876006201,0.07396338495461592,0.02738636363636364
138,33107,192.0,-9,-5,-9,-6,233,Duane Brown,T,10.0,34.25,5.09,24.0,27.5,105.0,4.52,7.58,76,315,40.043069827523496,0.1718586687876545,0.02918454935622318
139,41310,149.0,-4,0,-13,0,233,Gabe Jackson,G,10.0,33.75,5.34,30.0,29.0,108.0,4.78,8.25,75,336,40.043069827523496,0.1718586687876545,0.01053648068669528
140,43447,142.0,-6,-2,-8,-2,174,Brandon Shell,T,10.75,34.75,5.22,22.0,30.5,112.0,4.62,7.62,77,324,36.86847627780547,0.21188779470003144,0.0217816091954023
141,45056,106.0,-10,-2,-9,-2,197,Kyle Fuller (G),G,9.38,32.88,5.24,23.0,26.0,96.0,4.84,7.71,77,320,35.44888368914708,0.17994357202612732,0.025913705583756348
142,52477,118.5,-10,-5,-4,-1,188,Damien Lewis,G,10.25,33.0,5.24,27.0,30.0,108.0,0.0,0.0,75,332,46.524364780441175,0.2474700254278786,0.029946808510638297
152,35472,138.0,-6,-1,-7,-2,208,Rodger Saffold,G,9.38,33.63,5.21,27.0,29.5,113.0,4.67,7.42,77,325,27.398523856015906,0.13172367238469185,0.015841346153846154
153,38629,158.5,-7,-3,-10,-1,272,Ben Jones,C,9.63,32.5,5.35,29.0,30.5,105.0,4.74,7.95,75,308,32.037830161556016,0.11778614029983829,0.016488970588235296
154,40124,231.0,-15,-6,-10,-4,276,David Quessenberry,G,10.63,34.38,5.08,25.0,29.5,112.0,4.45,7.49,77,310,32.25916250626361,0.11688102357341887,0.03161231884057971
155,41237,160.0,-6,-3,-6,-2,182,Taylor Lewan,T,9.25,33.88,4.87,29.0,30.5,116.0,4.49,7.39,79,309,6.7726119476194775,0.037212153558348775,0.02197802197802198
156,47865,170.5,-9,-4,-19,-4,264,Nate Davis,G,9.5,33.13,5.23,23.0,26.0,107.0,4.83,7.94,75,316,39.28206256782907,0.1487956915448071,0.026325757575757572
157,37130,83.0,-3,0,0,0,143,Rodney Hudson,C,9.38,32.5,5.27,27.0,25.5,95.0,4.96,8.03,74,315,40.762123922345445,0.28504981763877935,0.006398601398601399
158,38779,123.0,-8,-1,-6,-2,142,Kelvin Beachum,T,9.38,33.25,5.38,19.0,28.5,101.0,4.8,7.79,75,308,61.22124372036336,0.43113551915748843,0.026830985915492954
159,39965,151.0,-3,-1,-12,0,218,Justin Pugh,G,10.25,32.08,5.14,22.0,28.5,103.0,4.63,7.45,77,311,66.4221594104187,0.3046888046349482,0.011261467889908257
160,42367,205.5,-15,-1,-14,-3,235,D.J. Humphries,T,10.0,33.63,5.12,26.0,31.0,104.0,4.64,7.87,77,307,72.9105592392179,0.3102576988902889,0.02938297872340426
162,52480,160.5,-9,-1,-14,-5,228,Josh Jones,G,10.13,33.88,5.27,24.0,28.5,109.0,0.0,0.0,79,310,72.28597003146108,0.3170437282081626,0.024013157894736844
172,40089,119.5,-10,-1,-4,0,167,Oday Aboushi,G,10.63,33.78,5.45,17.0,23.5,100.0,4.84,7.92,77,315,29.345403923636358,0.1757209815786608,0.022934131736526944
173,41390,145.5,-4,0,-4,0,274,Corey Linsley,C,9.88,32.0,5.24,36.0,27.0,107.0,4.53,7.46,75,301,37.224160748104936,0.13585460127045598,0.005839416058394161
174,53442,240.0,-14,-2,-9,-2,274,Rashawn Slater,T,10.5,33.0,4.91,33.0,33.0,112.0,4.45,7.48,75,305,37.224160748104936,0.13585460127045598,0.023083941605839414
175,41959,176.0,-11,-4,-7,-2,274,Matt Feiler,G,9.5,32.0,5.37,36.0,26.5,102.0,4.86,8.13,78,330,37.224160748104936,0.13585460127045598,0.02197080291970803
177,41475,252.5,-10,-2,-14,-3,298,Charles Leno,T,10.13,34.38,5.21,21.0,29.0,108.0,4.4,7.57,75,305,-0.8996612670944003,-0.003018997540585236,0.019395973154362416
178,42348,79.0,-2,0,-5,0,113,Brandon Scherff,G,11.0,33.38,5.05,23.0,32.5,107.0,4.57,7.18,77,315,7.762967267886628,0.06869882537952768,0.009601769911504424
179,42352,207.5,-4,-3,-10,-2,296,Ereck Flowers,G,9.88,34.5,5.31,37.0,27.0,101.0,0.0,0.0,78,329,1.6465565110211375,0.005562690915611951,0.012736486486486488
180,45012,164.0,-8,-2,-8,0,273,Chase Roullier,C,9.5,32.25,5.54,19.0,26.5,97.0,4.47,7.6,76,312,4.509450758413864,0.016518134646204632,0.014652014652014652
181,53480,129.0,-6,-2,-8,-1,148,Samuel Cosmi,T,10.25,33.0,4.87,36.0,30.0,117.0,4.39,7.35,77,295,20.621636677600854,0.13933538295676254,0.024256756756756755
187,45630,210.0,-17,-7,-22,-2,247,Storm Norton,T,0.0,0.0,0.0,0.0,0.0,0.0,0.0,0.0,79,317,33.84039249055182,0.13700563761357012,0.042408906882591094
189,40070,150.0,-6,-1,-4,-1,249,J.C. Tretter,C,10.13,33.38,5.09,29.0,29.5,109.0,4.69,7.48,76,307,-10.728167067827545,-0.04308500830452829,0.011285140562248996
190,41264,168.0,-2,0,-6,-1,249,Joel Bitonio,G,9.63,33.88,4.97,22.0,32.0,113.0,4.44,7.37,76,320,-10.728167067827545,-0.04308500830452829,0.005542168674698796
191,43297,125.0,-9,0,-6,-2,153,Jack Conklin,T,10.38,35.0,5.0,25.0,30.0,103.0,4.57,7.63,78,308,3.2285872219708676,0.02110187726778345,0.024281045751633985
192,46235,170.5,-10,0,-14,-1,249,Wyatt Teller,G,10.25,34.0,5.24,30.0,29.0,114.0,4.84,7.45,76,315,-10.728167067827545,-0.04308500830452829,0.018393574297188756
193,52418,125.0,-12,-3,-16,0,149,Jedrick Wills,T,10.0,34.25,5.05,0.0,34.5,113.0,4.84,0.0,77,320,0.1477791510989066,0.0009918063832141382,0.04281879194630873
195,43367,219.5,-6,0,-10,0,339,Joe Thuney,G,9.63,32.25,4.95,28.0,28.5,110.0,4.54,7.47,77,308,68.64830891293352,0.20250238617384517,0.008200589970501476
196,46152,295.0,-13,-9,-11,-3,339,Orlando Brown,T,9.75,35.0,5.85,14.0,19.5,82.0,5.38,7.87,80,345,68.64830891293352,0.20250238617384517,0.02716814159292035
197,52504,206.5,-7,-2,-21,-2,231,Lucas Niang,T,10.5,34.25,0.0,0.0,0.0,0.0,0.0,0.0,79,328,60.192138113820214,0.26057202646675415,0.023073593073593072
198,53492,170.0,-4,-1,-6,-1,339,Creed Humphrey,C,9.625,32.5,5.11,29.0,33.0,112.0,4.49,7.5,77,316,68.64830891293352,0.20250238617384517,0.007050147492625368
199,53655,231.5,-15,-3,-15,-4,339,Trey Smith,G,10.0,33.75,5.11,32.0,31.0,112.0,4.82,7.43,78,325,68.64830891293352,0.20250238617384517,0.02359882005899705
209,46092,205.5,-12,-5,-8,-3,237,Isaiah Wynn,T,8.5,33.38,0.0,0.0,0.0,0.0,0.0,0.0,74,310,3.755276373318997,0.01584504798868775,0.02962025316455696
210,42883,176.5,-9,-3,-7,0,286,David Andrews,C,10.0,32.125,5.12,27.0,30.0,108.0,4.78,8.12,75,300,13.304315493256336,0.04651858564075642,0.01611888111888112
211,52590,166.5,-11,-4,-5,-1,232,Michael Onwenu,G,0.0,0.0,0.0,0.0,0.0,0.0,0.0,0.0,75,350,1.654326488698885,0.007130717623702091,0.024267241379310345
212,42924,226.0,-21,-8,-26,-3,292,Jesse Davis,T,0.0,0.0,0.0,0.0,0.0,0.0,0.0,0.0,78,325,16.31867194062987,0.05588586281037627,0.04340753424657535
213,47861,66.5,-3,0,-5,0,116,Michael Deiter,C,10.75,33.13,5.23,21.0,28.0,105.0,4.81,7.88,78,310,-6.0874836222304145,-0.052478307088193225,0.011982758620689656
214,52447,200.5,-8,-2,-16,-1,309,Robert Hunt,G,10.75,33.5,0.0,0.0,0.0,0.0,0.0,0.0,77,322,11.663407291206088,0.03774565466409737,0.016051779935275085
216,53471,235.0,-27,-2,-22,-6,282,Liam Eichenberg,T,9.625,32.375,0.0,33.0,26.5,105.0,4.57,7.53,78,308,24.093916106016422,0.08543941881566107,0.04370567375886525
217,42474,149.0,-6,-2,-4,-1,231,Shaquille Mason,G,9.5,32.125,5.27,25.0,32.0,110.0,4.65,7.53,73,310,-5.708844073094305,-0.024713610706035952,0.013896103896103896
218,52603,148.5,-21,-3,-12,-1,175,Justin Herron,T,8.88,33.5,5.26,27.0,33.0,105.0,4.88,8.41,77,290,-1.7819817466964216,-0.010182752838265266,0.051114285714285716
228,40023,105.5,-2,-2,-8,0,127,Terron Armstead,T,9.25,34.08,4.71,31.0,34.5,112.0,4.72,7.62,77,304,15.987910097890028,0.12588905588889784,0.017086614173228345
229,42356,84.0,-9,-2,-8,-3,127,Andrus Peat,G,10.63,34.38,5.18,0.0,31.0,105.0,4.62,8.01,79,316,20.331859047889367,0.16009337832983753,0.03862204724409449
230,44844,168.0,-6,-2,-17,-3,203,Ryan Ramczyk,T,10.88,33.75,0.0,25.0,0.0,0.0,4.82,0.0,78,314,35.5492330396172,0.17511937457939508,0.023866995073891627
231,47831,47.0,-2,-1,0,0,81,Erik McCoy,C,9.63,33.0,4.89,29.0,31.0,107.0,4.62,8.28,76,315,13.046463310886649,0.16106744828255123,0.012469135802469136
232,52432,132.0,-7,-1,-8,-2,203,Cesar Ruiz,G,11.0,33.13,5.08,28.0,33.0,113.0,4.64,7.91,75,319,35.5492330396172,0.17511937457939508,0.01820197044334975
233,52666,102.0,-6,-4,-7,0,155,Calvin Throckmorton,T,9.5,32.5,5.57,23.0,27.0,97.0,4.98,8.07,77,318,19.125043562181663,0.12338737782052686,0.02641935483870968
234,41296,193.0,-14,-2,-14,-2,226,Billy Turner,T,10.0,34.0,5.16,25.0,28.0,108.0,4.71,7.92,77,310,44.21459207902313,0.19563978796027934,0.03008849557522124
235,44068,80.0,-4,-1,-5,0,139,Lucas Patrick,G,0.0,0.0,0.0,0.0,0.0,0.0,0.0,0.0,75,313,10.466432245997987,0.07529807371221574,0.015071942446043167
236,47827,108.5,-6,-3,-5,-2,133,Elgton Jenkins,G,0.0,0.0,0.0,0.0,0.0,0.0,0.0,0.0,77,310,20.986041436546337,0.1577897852371905,0.029360902255639098
237,53491,62.5,-2,0,-5,0,115,Josh Myers,C,10.375,32.0,0.0,29.0,0.0,119.0,0.0,0.0,77,312,14.879195886402664,0.12938431205567535,0.009434782608695652
238,53571,146.0,-9,-1,-6,-4,226,Royce Newman,T,9.0,33.75,5.15,23.0,28.0,104.0,4.75,7.91,77,305,44.21459207902313,0.19563978796027934,0.01997787610619469
239,41532,97.0,0,0,-4,-1,126,James Hurst,T,10.13,33.75,5.59,20.0,22.0,0.0,4.73,0.0,77,310,39.0490220747843,0.3099128736093992,0.004603174603174604
246,37090,227.0,-18,-6,-17,-3,279,Nate Solder,T,9.88,35.5,4.96,21.0,32.0,110.0,4.34,7.44,80,325,24.1430076500751,0.08653407759883548,0.036218637992831544
247,46103,200.5,-12,-1,-12,-3,299,Will Hernandez,G,9.88,32.0,5.15,37.0,24.0,104.0,4.7,7.59,74,327,18.89360074017595,0.06318930013436772,0.019397993311036792
248,52412,149.5,-5,-3,-6,0,166,Andrew Thomas,T,10.25,36.13,5.22,21.0,30.5,109.0,4.66,7.58,77,326,29.523739824107924,0.17785385436209591,0.019849397590361445
251,38642,241.5,-11,-4,-14,-5,292,Bobby Massie,T,9.0,35.0,5.18,22.0,27.5,103.0,4.95,7.7,78,325,51.75454787713584,0.17724160231895836,0.0249486301369863
252,44832,239.0,-10,-4,-8,-5,282,Garett Bolles,T,9.38,34.0,4.95,0.0,28.0,115.0,4.55,7.29,77,300,49.79714087666121,0.17658560594560713,0.022730496453900708
253,47824,165.0,-9,-3,-8,-1,245,Dalton Risner,G,10.25,34.0,5.3,23.0,28.5,110.0,4.52,7.69,77,312,57.211688650466904,0.23351709653251798,0.020020408163265307
254,52491,169.5,-5,-5,-8,-3,292,Lloyd Cushenberry,C,10.38,34.13,5.27,25.0,0.0,0.0,0.0,0.0,76,315,51.75454787713584,0.17724160231895836,0.01672945205479452
255,43384,134.0,-5,-2,-9,-2,206,Graham Glasgow,G,10.75,33.63,5.13,23.0,25.0,106.0,4.63,7.63,78,310,44.41973797580511,0.21562979599905394,0.01737864077669903
263,52507,111.5,-6,-1,-5,-1,147,Matt Peart,T,9.5,36.63,5.06,26.0,30.0,113.0,4.92,8.01,79,303,-10.6410181012869,-0.07238787824004693,0.019761904761904765
264,52551,64.5,-5,0,-7,-1,99,Ben Bredeson,G,10.13,31.13,0.0,0.0,0.0,0.0,0.0,0.0,76,325,9.284988825505009,0.09378776591419201,0.024141414141414137
267,29550,192.0,-9,-3,-8,-3,224,Jason Peters,T,9.38,33.13,4.99,21.0,29.0,115.0,4.75,7.7,76,328,-19.65003900219623,-0.08772338840266174,0.023683035714285712
268,43320,104.5,-8,0,-3,-2,129,Germain Ifedi,T,10.75,36.0,5.27,24.0,32.5,109.0,4.75,0.0,77,325,-11.489399374032475,-0.08906511142660833,0.02422480620155039
269,43345,164.0,-7,0,-8,-3,248,Cody Whitehair,G,10.13,32.38,5.02,16.0,25.5,110.0,4.58,7.32,75,309,-19.949657472329513,-0.08044216722713513,0.014092741935483872
270,46108,157.0,-5,-1,-14,-1,248,James Daniels,G,9.5,33.75,0.0,21.0,30.5,108.0,4.4,7.29,75,305,-19.949657472329513,-0.08044216722713513,0.013931451612903226
271,48159,156.5,-10,0,-11,-1,248,Sam Mustipher,C,9.0,32.125,5.63,20.0,26.5,101.0,4.84,8.25,74,311,-19.949657472329513,-0.08044216722713513,0.017318548387096774
272,30869,180.0,-10,-2,-5,-1,217,Andrew Whitworth,T,10.13,35.0,5.17,28.0,30.5,112.0,4.83,8.23,79,330,85.79826834083545,0.3953837250729744,0.02085253456221198
273,42400,214.5,-15,-4,-4,-1,249,Rob Havenstein,T,9.88,33.75,5.46,16.0,28.5,96.0,4.87,8.28,80,328,99.77726765359961,0.40071191828754865,0.0271285140562249
274,46102,166.5,-10,-4,-9,0,249,Austin Corbett,G,10.5,33.13,5.15,19.0,28.0,106.0,4.5,7.87,76,305,99.77726765359961,0.40071191828754865,0.022108433734939762
275,46180,145.0,-9,-1,-8,-3,249,Brian Allen,C,9.25,32.38,5.34,27.0,26.5,99.0,4.71,7.81,74,302,99.77726765359961,0.40071191828754865,0.018092369477911645
276,47952,171.5,-9,-1,-11,-1,251,David Edwards,G,9.75,33.38,5.28,16.0,25.5,99.0,4.77,7.69,78,308,97.30402770451013,0.3876654490219527,0.01749003984063745
285,46084,230.0,-10,-1,-11,0,264,Kolton Miller,T,10.75,34.125,4.91,24.0,31.5,121.0,4.49,7.34,80,325,59.793855147035565,0.2264918755569529,0.01702651515151515
286,48235,152.0,-9,-1,-8,0,264,Andre James,C,10.0,32.0,5.32,21.0,29.0,105.0,4.84,8.0,76,300,59.793855147035565,0.2264918755569529,0.014791666666666668
287,52517,169.0,-12,-3,-15,-1,264,John Simpson,G,11.25,34.13,5.24,34.0,30.0,107.0,4.87,8.03,76,330,59.793855147035565,0.2264918755569529,0.02456439393939394
288,53446,202.5,-31,-8,-14,-4,243,Alex Leatherwood,T,9.5,33.875,5.01,0.0,34.5,118.0,4.65,7.45,77,305,42.534960015916546,0.17504098771982118,0.06084362139917696
289,44972,118.5,-7,-1,-4,0,168,Jermaine Eluemunor,G,0.0,0.0,0.0,0.0,0.0,0.0,0.0,0.0,76,335,48.5479827328263,0.2889760876953946,0.017351190476190475
290,38557,179.5,-4,0,-10,0,257,Kevin Zeitler,G,10.25,32.75,5.32,32.0,29.0,101.0,4.61,7.77,76,315,32.68630741109366,0.1271840755295473,0.008443579766536966
291,41222,212.0,-16,-6,-23,-5,252,Alejandro Villanueva,T,0.0,0.0,0.0,0.0,0.0,0.0,0.0,0.0,81,320,35.282377381483094,0.14000943405350436,0.04152777777777778
294,46284,156.5,-5,-1,-8,-2,253,Bradley Bozeman,C,9.75,31.25,5.46,27.0,24.0,97.0,5.17,8.25,77,317,38.31448523696458,0.15144065311053193,0.012193675889328064
300,47906,141.0,-5,-1,-5,-1,205,Ben Powers,G,9.88,33.75,0.0,21.0,29.0,97.0,4.83,0.0,76,310,23.92669483812184,0.1167155845762041,0.012682926829268294
303,48220,155.0,-9,-1,-7,-2,198,Patrick Mekari,G,0.0,0.0,0.0,0.0,0.0,0.0,0.0,0.0,76,308,47.11271376549361,0.23794299881562428,0.02126262626262626
304,46090,165.0,-6,-4,-7,-1,259,Billy Price,C,9.75,32.0,0.0,0.0,0.0,0.0,0.0,0.0,76,312,15.279290878443769,0.05899340107507247,0.01658301158301158
307,42424,150.0,-8,0,-17,-3,221,John Miller,G,10.25,33.25,5.33,29.0,27.0,104.0,4.75,8.2,75,315,-2.239150011460917,-0.010131900504348042,0.021063348416289592
309,53499,65.0,-9,-2,-8,-2,81,Brady Christensen,T,0.0,0.0,0.0,0.0,0.0,0.0,0.0,0.0,78,297,-41.27622673580113,-0.5095830461210016,0.05808641975308642
318,48485,108.0,-15,-1,-7,-2,124,Blake Hance,G,10.13,32.125,5.29,27.0,27.0,107.0,4.69,7.65,77,310,-10.004639189982743,-0.08068257411276405,0.04870967741935485
319,39947,181.0,-12,-6,-11,-5,209,Eric Fisher,T,10.5,34.48,5.05,27.0,28.5,116.0,4.44,7.59,79,315,27.314181989300558,0.13068986597751464,0.038779904306220095
321,46275,90.5,-4,-2,-4,-1,101,Matt Pryor,T,11.5,35.5,5.6,23.0,24.5,96.0,4.9,7.87,79,332,31.892337111708553,0.3157657139773124,0.025742574257425738
324,52589,57.0,-1,-3,-7,-2,86,Netane Muti,G,10.63,31.75,0.0,44.0,0.0,0.0,0.0,0.0,75,307,7.334809901330733,0.08528848722477596,0.02988372093023256
326,52524,83.5,-3,-2,-5,-1,128,Ben Bartch,T,9.0,32.88,0.0,0.0,0.0,0.0,0.0,0.0,78,305,-19.408986905681676,-0.1516327102006381,0.018671875
328,52426,216.0,-16,-5,-29,-1,290,Austin Jackson,T,10.25,34.13,5.07,27.0,31.0,115.0,0.0,7.95,78,310,11.694449121163569,0.04032568662470196,0.033913793103448275
339,53466,144.0,-7,-5,-14,-1,214,Landon Dickerson,G,10.375,33.25,0.0,0.0,0.0,106.0,0.0,0.0,78,325,11.326023877493906,0.05292534522193414,0.02647196261682243
340,47805,144.0,-3,0,-14,-1,161,Andre Dillard,T,10.0,33.5,4.96,24.0,29.0,118.0,4.4,7.44,77,315,-10.481001052235602,-0.06509938541761243,0.01518633540372671
345,46134,87.5,-7,-4,-10,-1,104,Brandon Parker,T,9.75,35.0,5.37,21.0,28.5,113.0,4.68,7.82,80,320,31.75011061580563,0.3052895251519772,0.04697115384615384
353,41242,138.5,-10,-1,-4,0,208,Zack Martin,G,9.5,32.88,5.22,29.0,28.0,104.0,4.59,7.65,76,315,53.67497970187541,0.25805278702824713,0.01841346153846154
354,52938,171.5,-13,-3,-8,0,208,Terence Steele,T,9.5,35.13,5.03,27.0,27.5,106.0,5.08,0.0,78,310,53.67497970187541,0.25805278702824713,0.028485576923076922
369,52600,129.0,-5,-1,-9,-2,198,Jon Runyan,G,9.13,33.25,5.08,24.0,30.5,107.0,4.69,7.57,77,321,63.083556025645635,0.3186038183113416,0.01606060606060606
373,43484,113.5,-8,-2,-8,-1,184,Wes Schweitzer,G,10.5,32.625,5.15,28.0,27.5,108.0,4.73,7.8,77,314,-9.766101854827706,-0.05307664051536797,0.02282608695652174
380,42476,65.5,-1,0,-2,0,116,Max Garcia,C,10.25,33.13,5.24,30.0,28.0,103.0,5.12,8.18,76,309,45.94664825224478,0.3960917952779722,0.004267241379310345
389,53475,118.5,-10,-4,-7,0,173,Jackson Carman,G,0.0,0.0,0.0,0.0,0.0,0.0,0.0,0.0,77,345,51.0746734755398,0.29522932644820693,0.030722543352601158
393,42765,116.5,-7,-3,-10,-1,168,Chris Reed,G,0.0,0.0,0.0,0.0,0.0,0.0,0.0,0.0,76,320,33.96034469022889,0.20214490887041003,0.026696428571428572
401,48181,76.0,-5,-2,-2,-2,93,Yosuah Nijman,T,10.13,34.125,4.88,27.0,30.5,114.0,4.5,8.07,79,314,23.228550642476815,0.24976936174706252,0.031344086021505374
412,41563,93.5,-4,-2,-4,0,112,Cornelius Lucas,T,10.0,36.75,0.0,0.0,0.0,0.0,0.0,0.0,80,328,-20.067955025569923,-0.17917816987116003,0.02142857142857143
414,46679,118.5,-1,0,-4,-1,190,Evan Brown,C,10.0,32.5,5.03,36.0,36.0,113.0,4.46,7.87,74,302,-40.12303127371234,-0.21117384880901233,0.004657894736842106
417,42954,67.5,-4,0,-2,-1,116,Greg Mancz,C,10.0,32.75,5.08,0.0,0.0,0.0,0.0,0.0,76,310,11.903030258291878,0.10261232981286102,0.013879310344827585
421,43695,89.5,-2,-2,-8,-1,142,Matt Skura,C,10.13,33.375,5.39,27.0,24.0,103.0,4.76,7.89,75,313,8.195974233082579,0.05771812840198999,0.016690140845070423
425,52553,109.0,-1,-3,-9,0,151,Jack Driscoll,T,9.88,33.0,5.02,23.0,29.5,114.0,0.0,0.0,77,296,12.080370499067119,0.08000245363620609,0.015629139072847683
429,39146,94.0,-8,-1,-4,-1,109,Mike Remmers,T,0.0,0.0,0.0,0.0,0.0,0.0,0.0,0.0,77,310,7.9313275151844245,0.07276447261637087,0.031376146788990825
442,43510,97.0,-3,-2,-3,0,143,Ted Karras,C,9.5,32.5,5.34,32.0,26.5,106.0,4.7,8.15,76,305,21.412149126083587,0.1497353085740111,0.013986013986013986
444,41324,75.5,-5,-1,-2,-1,109,Michael Schofield,G,9.63,34.0,5.01,0.0,24.0,92.0,4.57,7.62,78,301,9.314542214672377,0.08545451573093923,0.021238532110091742
448,52534,105.5,-11,0,-7,-2,136,Charlie Heck,T,10.25,34.13,5.16,21.0,28.0,112.0,4.86,8.02,80,315,-14.324903076350038,-0.1053301696790444,0.0325
454,41665,63.5,-3,0,-5,0,101,Tyler Shatley,G,0.0,0.0,0.0,0.0,0.0,0.0,0.0,0.0,75,310,-4.741035058260605,-0.04694094117089708,0.013762376237623764
456,53452,71.0,-7,-1,-1,-1,90,Christian Darrisaw,T,0.0,0.0,0.0,0.0,0.0,0.0,0.0,0.0,77,314,13.781357701306325,0.15312619668118138,0.03144444444444445
473,47919,73.5,-4,-1,-4,-3,105,Michael Jordan,G,10.0,34.25,5.27,19.0,32.5,116.0,4.71,7.71,78,315,-19.90657820130324,-0.18958645906003085,0.024761904761904763
480,41630,57.5,-4,-2,-3,-1,97,Justin McCray,C,0.0,0.0,0.0,0.0,0.0,0.0,0.0,0.0,75,317,-20.014401054514938,-0.20633403148984472,0.025824742268041236
498,42565,49.5,-3,0,-4,0,77,Austin Reiter,C,9.5,32.0,5.17,0.0,34.0,107.0,4.53,7.65,75,300,5.847860655144622,0.07594624227460547,0.01681818181818182
